name_location_1,category_location_1,street_address_location_1,zip_code_location_1,name_location_2,category_location_2,street_address_location_2,zip_code_location_2,distance,is_match,global_index_location_1,global_index_location_2,keep_left
"J & L Vegi Supermarket, Inc 1",International Grocery Stores,1215 Stockton St,94133,"Sf Hop Hing, Llc",Drug Stores,1211 Stockton St,94133,0,,1965,1905,
"Sf Hop Hing, Llc",Drug Stores,1211 Stockton St,94133,New Luen Sing Fish Market,International Grocery Stores,1207 Stockton St,94133,0,,1905,2013,
New Luen Sing Fish Market,International Grocery Stores,1207 Stockton St,94133,"J & L Vegi Supermarket, Inc 1",International Grocery Stores,1215 Stockton St,94133,0,,2013,1965,
Ináy,Restaurants (Fast Food),135 4th St,94103,Ináy,Restaurants (Fast Food),135 4th St,94103,0,x,665,667,x
San Francisco Soup Company,Restaurants (Fast Food),135 4th St,94103,San Francisco Soup Company,Restaurants (Fast Food),135 4th St,94103,0,x,666,668,x
Food Runners,Food Banks/Pantries,2579 Washington St,94115,Food Runners,Food Banks/Pantries,2579 Washington Street,94115,0,x,827,832,x
Free the Need,Food Banks/Pantries,827 Joost Ave,94127,Free The Need,Food Banks/Pantries,827 Joost Avenue,94127,0,x,828,862,x
Glide Memorial United Methodist Church: Soup Kitchen & More,Food Banks/Pantries,330 Ellis Street,94102,Glide Memorial Church,Free Prepared Food or Hot Meals,330 Ellis St,94102,0,x,833,930,x
Youth With A Mission,Food Banks/Pantries,357 Ellis Street,94102,TL Ellis - Transitional Pop-up ,Food Banks/Pantries,357 Ellis Street,94102,0,x,837,872,x
Project Open Hand,Food Banks/Pantries,730 Polk Street,94109,Project Open Hand,Free Prepared Food or Hot Meals,730 Polk St,94109,0,x,850,933,x
New Rainbow House LLC,International Grocery Stores,1014 Stockton St,94108,S&M Ginseng Inc,International Grocery Stores,1000 Stockton St,94108,1.331911253,,1968,2011,
Crab House,Restaurants,203 C Pier 39,94133,Crab House,Restaurants,203 C Pier 39,94133,1.43766431,x,334,335,x
Tommy’s Mexican Restaurant,Restaurants,5929 Geary Boulevard,94121,Seakor Polish Delicatessen and Sausage Factory,International Grocery Stores,5957 Geary Blvd,94121,2.03192477,,2829,3007,
Wayne's Liquors,Liquor Stores,911 Kearny Street,94133,Chong Qing Xiao Mian,Restaurants (Fast Food),915 Kearny Street,94133,2.230969202,,2330,2939,
Zazie,Restaurants,943 Cole St,94117,Zazie,Restaurants,941 Cole Street,94117,2.310834794,x,534,1412,x
Zaytoon,Restaurants,1136 Valencia Street,94110,The Crepe House,Restaurants,1132 Valencia Street,94110,2.389072895,,2638,2639,
Subway,Restaurants (Fast Food),807 Lincoln Way,94122,Park Gyros,Restaurants (Fast Food),1201 9th Avenue,94122,2.526952624,,616,1720,
Young-Ellis,Restaurants (Fast Food),398 Ellis Street,94102,Young Ellis Produce,Corner Stores/Convenience Stores,396 Ellis St,94102,2.535493905,x,642,2069,
Mexican Grill,Restaurants,599 Geary Street,94102,Taqueria El Sol,Restaurants,595 Geary Street,94102,2.629013505,x,464,2460,
Aventine,Restaurants,582 Washington Street,94111,Kusakabe,Restaurants,584 Washington Street,94111,2.71717467,,2689,2690,
Zzan,Restaurants,34 Shannon Street,94102,Ar Roi,Restaurants,643 Post Street,94109,2.80022515,,438,1034,
Pacific Cafe,Restaurants,7000 Geary Boulevard,94121,Pacific Cafe,Restaurants,7002 Geary Boulevard,94121,3.048571059,x,1247,1469,x
Hong Kee & Kim,Restaurants,99 Drumm Street,94111,Subway,Restaurants (Fast Food),99 Drumm Street,94111,3.106905404,,434,1694,
Ike's Place,Restaurants,1600 Holloway Ave Cesar Chavez Student Center,94132,Nizario's,Restaurants,1650 Holloway Avenue,94132,3.243161286,,154,1255,
Ristorante Parma,Restaurants,3314 Steiner Street,94123,Toma Mexican Restaurant,Restaurants,3318 Steiner Street,94123,3.337184581,,2592,2621,
Kamekyo,Restaurants,943 Cole Street,94117,Bambino's Ristorante,Restaurants,945 Cole Street,94117,3.346055637,,1409,1410,
Sears Fine Food,Restaurants,439 Powell Street,94102,Walgreens 07043,Drug Stores,459 Powell St,94102,3.357763828,,1507,1785,
Lucky Creation Vegetarian Restaurant,Restaurants,834 Washington St,94108,Miss Q's Convenience Llc,Corner Stores/Convenience Stores,838 Washington St,94108,3.375408612,,444,2181,
Chaba,Restaurants,2123 Irving Street,94122,Wing Cheung Co.,International Grocery Stores,2121 Irving Street,94122,3.376592406,,1457,2354,
Thai Cottage Restaurant,Restaurants,4041 Judah Street,94122,Woods Outbound,Restaurants,4045 Judah Street,94122,3.455251029,,2497,2790,
VeggieLand Market,International Grocery Stores,1101 Stockton St,94108,Wellman's HealthMart,Drug Stores,1053 Stockton Street,94108,3.462232902,,819,3001,
Golden Way Trading Company,International Grocery Stores,1024 Stockton St,94108,New Rainbow House LLC,International Grocery Stores,1014 Stockton St,94108,3.633221364,,1979,1968,
Gourmet Kitchen,Restaurants,1101 Stockton St,94108,Wellman's HealthMart,Drug Stores,1053 Stockton Street,94108,3.649702861,,313,3001,
KFC/Taco Bell,Restaurants (Fast Food),4150 Geary Blvd,94118,KFC/Taco Bell,Restaurants (Fast Food), Geary Boulevard,94118,3.668562494,x,582,2925,x
Kam Lok Restaurant,Restaurants,814 Washington Street,94108,Hunan House,Restaurants,826 Washington Street,94108,3.681651925,,443,1668,
Hot Zushi,Restaurants,531 Haight Street,94117,Taquería Estrella,Restaurants,533 Haight Street,94117,3.69441983,,2765,2766,
Player's Sports Grill and Arcade,Restaurants,2 Beach St,94133,Bubba Gump Shrimp Company,Restaurants,Pier 39 Box M-211,94133,3.707532296,,222,352,
Americana Grill,Restaurants,3528 Balboa Street,94121,Balboa Teriyaki,Restaurants,3536 Balboa Street,94121,3.788827605,,1513,1514,
House of Xian Dumpling,Restaurants,925 Kearny Street,94133,House of Nanking,Restaurants,919 Kearny Street,94133,3.79370392,,1427,2722,
Teriyaki,Restaurants,1706 Post Street,94115,Udon,Restaurants,1704 Post Street,94115,3.794585914,,428,429,
Borobudur,Restaurants,704 Post St,94109,Pearl's Deluxe Burgers,Restaurants,708 Post Street,94109,3.838615376,,433,1286,
Great Saigon,Restaurants,915 Kearny Street,94133,House of Nanking,Restaurants,919 Kearny Street,94133,3.863929007,,1426,2722,
Love 'n' Haight,Restaurants (Fast Food),553 Haight Street,94117,Mythic Pizza,Restaurants (Fast Food),551 Haight Street,94117,3.870692143,,2896,2897,
Lee's Deli,Restaurants,121 New Montgomery St,94105,The Bird,Restaurants,115 New Montgomery Street,94105,3.966902941,,104,1092,
Sabella & LaTorre,Restaurants,2809 Taylor Street,94133,Crab Station,Restaurants,2803 Taylor Street,94133,4.002810465,,1200,1201,
Sodini's,Restaurants,1401 Grant Ave,94133,Green Street Market,Liquor Stores,1401 Grant Avenue,94133,4.063644695,,364,781,
Lori's Diner,Restaurants,522 Sutter St,94108,Lori's Pizzeria,Restaurants,522 Sutter St,94108,4.07528532,x,125,264,x
New Hollywood Bakery & Restaurant,Restaurants,652 Pacific Ave,94133,Yin Du Wonton Noodle,Restaurants,648 Pacific Avenue,94133,4.210095859,,297,2679,
Savor,Restaurants,3913 24th Street,94114,Sultan’s Kebab,Restaurants,3915 24th Street,94114,4.237335342,,1228,2808,
Lovessy,Restaurants,832 Clement Street,94118,Lime Tree,Restaurants,838 Clement Street,94118,4.237391368,,1621,1623,
Miki Japanese,Restaurants,3639 Balboa Street,94121,Shanghai House,Restaurants,3641 Balboa Street,94121,4.251628039,,1515,1516,
BullsHead Restaurant,Restaurants,820 Ulloa St,94127,Burrito Loco,Restaurants (Fast Food),1030 Ulloa Street,94127,4.335715444,,183,1717,
Kio Ramen,Restaurants,3528 Balboa Street,94121,Balboa Liquor and Deli,Liquor Stores,3524 Balboa Street,94121,4.450389107,,1520,2337,
store,Corner Stores/Convenience Stores,4 Dodge Street,94102,Tsunami Market,International Grocery Stores,479 Turk St,94102,4.510771365,,750,1956,
Mahalo!,Restaurants,1376 9th Avenue,94122,Will Sushi,Restaurants,1378 9th Avenue,94122,4.533005861,,1364,1365,
Ramen Bay,Restaurants,353 Kearny Street,94108,Harrow,Restaurants,353 Kearny Street,94108,4.541468257,BOTH CLOSED,326,330,
New Wing Hing Seafood Market,International Grocery Stores,2222 Clement St,94121,Del Rio Produce Market,International Grocery Stores,2214 Clement St,94121,4.570900443,,1970,2012,
International Food Court,Restaurants,380 Bush St,94104,L&L Hawaiian Barbeque,Restaurants,380 Bush St,94104,4.582990079,x,399,400,
Mura,Restaurants,452 Broadway,94133,Paris Pizza,Restaurants,460 Broadway,94133,4.587642112,,370,372,
Ariake,Restaurants,5041 Geary Boulevard,94118,Dragon River Restaurant,Restaurants,5045 Geary Boulevard,94118,4.690842302,,2798,2799,
Prubechu,Restaurants,2847 Mission Street,94110,Mi Yucatan,Restaurants,2845 Mission Street,94110,4.713187869,,1462,1575,
Lucky Corner Restaurant,Restaurants,700 Kearny Street,94111,Hinodeya Downtown,Restaurants,680 Clay Street,94111,4.71599215,,388,2875,
Ziggy's Burger,Restaurants (Fast Food),21 Drumm Street,94111,Drumm Market,Liquor Stores,15 Drumm Street,94111,4.717844665,,2921,3022,
Vanida Thai Kitchen,Restaurants,3050 Taraval Street,94116,North Beach Pizza,Restaurants,3054 Taraval Street,94116,4.755166082,,1047,2456,
Hall of Flame,Restaurants,73 Cambon Drive,94132,Papa John's,Restaurants,69 Cambon Drive,94132,4.78886824,,1178,1179,
Ashbury Market,Corner Stores/Convenience Stores,205 Frederick Street,94117,Bacon Bacon,Restaurants,205A Frederick,94117,4.849464218,,2287,2871,
The Store On the Corner,Restaurants,121 New Montgomery Street,94105,Lee's Deli,Restaurants,121 New Montgomery St,94105,4.943000344,x,1352,104,x
Estela's,Restaurants (Fast Food),250 Fillmore Street,94117,Walking Fish,Restaurants (Fast Food),254 Fillmore Street,94117,4.944669706,,2912,2913,
Sushi Raw,Restaurants,682 Haight Street,94117,Sunrise Grocery,International Grocery Stores,684 Haight Street,94117,4.960261789,,2662,2960,
The Sunset's Best Seafood Restaurant,Restaurants,3060 Taraval Street,94116,North Beach Pizza,Restaurants,3054 Taraval Street,94116,4.966134361,,1048,2456,
CUSA,Food Banks/Pantries,1 Ferry Building,94111,FERRY PLAZA FARMERS MARKET-CUESA,Farmers Markets,1 Ferry Building,94111,4.994818301,x,834,2215,
Tofu Village,Restaurants,1920 Irving Street,94122,Noori,Restaurants,1924 Irving Street,94122,5.010856585,,1450,1451,
Konomama,Restaurants,4601 Geary Boulevard,94118,Gourmand,Corner Stores/Convenience Stores,4605 Geary Boulevard,94118,5.01295923,,2805,2990,
Khan Toke,Restaurants,5933 Geary Boulevard,94121,Seakor Polish Delicatessen and Sausage Factory,International Grocery Stores,5957 Geary Blvd,94121,5.01981654,,2830,3007,
Golden Dragon Dining,Restaurants,814 Washington Street,94108,Hunan House,Restaurants,826 Washington Street,94108,5.029591684,,446,1668,
My Pot,Restaurants,408 Dewey Boulevard,94116,Yogi Sushi House,Restaurants,406 Dewey Boulevard,94116,5.058476927,,1097,1098,
Financial District Wine and Spirits,Liquor Stores,380 Bush St,94104,L&L Hawaiian Barbeque,Restaurants,380 Bush St,94104,5.069241595,"BOTH CLOSED Now call ""Katsuya"" a Japanese Restuarant",783,400,
Viva,Restaurants,310 Columbus Ave,94133,Columbus Pizza,Restaurants (Fast Food),310 Columbus Ave,94133,5.087379054,BOTH CLOSED,365,627,
Snow Garden Restaurant,Restaurants,718 Grant Avenue,94108,Kan's,Restaurants,718 Grant Avenue,94108,5.13221215,"BOTH CLOSED Now call ""The Wok Shop"" a kitchen ware store",480,528,
House of Thai 2,Restaurants,494 Haight Street,94117,Emanuel Coffee,Restaurants,488 Haight Street,94117,5.148888807,,1042,1596,
Sichuan House,Restaurants,5037 Geary Boulevard,94118,Ariake,Restaurants,5041 Geary Boulevard,94118,5.304403152,,2797,2798,
Tpumps,Restaurants (Fast Food),1916 Irving St,94122,Tofu Village,Restaurants,1920 Irving Street,94122,5.305727373,,601,1450,
Kaiju Eats,Restaurants,3409 Geary Boulevard,94118,Thai Cafe,Restaurants,3407 Geary Boulevard,94118,5.351384694,,1637,1638,
Gordo Taqueria,Restaurants,5498 Geary Blvd,94121,Volcano Curry of Japan,Restaurants,5454 Geary Boulevard,94121,5.356085189,,156,2556,
Green Bamboo,Restaurants,1240 Noriega Street,94122,Fujimaya-ya,Restaurants,1234 Noriega Street,94122,5.416797949,,1485,1489,
Bella Lucca Pizza,Restaurants,418 Geary Street,94102,Chaaba,Restaurants,420 Geary Street,94102,5.438993805,,2461,2462,
Slider's Diner,Restaurants,449 Castro Street,94114,CarePlus / CVS,Drug Stores,445 Castro Street,94114,5.532492132,,1183,2297,
New Fruit Garden Llc,International Grocery Stores,1216 Stockton St,94133,"Sf Hop Hing, Llc",International Grocery Stores,1211 Stockton St,94133,5.54050472,,2020,1905,
SHENG HING MARKET INC,International Grocery Stores,1107 Stockton St,94133,City Super,International Grocery Stores,1108 Stockton St,94133,5.54056993,,1934,2023,
Villa,Restaurants (Fast Food),3251 20th Ave,94132,Great Steak,Restaurants (Fast Food),3251 20th Ave,94132,5.547412859,food court,683,686,
State Bird Provisions,Restaurants,1529 Fillmore Street,94115,Progress,Restaurants,1525 Fillmore Street,95115,5.574261842,,1531,1536,
Darn Good Food,Restaurants,322 Kearny St,94104,Tenmatsu Grab and Co.,Restaurants (Fast Food),335 Kearny St,94104,5.587784561,,402,631,
Sanppo Sushi,Restaurants,1706 Post St,94115,Udon,Restaurants,1704 Post Street,94115,5.637819235,,430,429,
Victor's,Restaurants,1434 Polk St,94109,Shalimar,Restaurants,1419 Polk St,94109,5.669505922,,68,72,
Caffè Macaroni,Restaurants,59 Columbus Avenue,94111,Yan's Kitchen,Restaurants,57 Columbus Avenue,94108,5.672121111,,1206,2653,
Primo Patio,Restaurants,216 Townsend St,94107,Victor's,Restaurants (Fast Food),216 Townsend Street,94107,5.693977871,BOTH CLOSED is now a bar,196,591,
Geary Spirits and Wine,Liquor Stores,599 Geary St,94102,Taqueria El Sol,Restaurants, Geary Street,94102,5.752559493,,785,2460,
Souvla,Restaurants,517 Hayes St,94102,Patxi's,Restaurants,511 Hayes Street,94102,5.781363321,,270,1219,
Pagolac,Restaurants,655 Larkin Street,94109,Hai Ky Mi Gia,Restaurants,707 Ellis Street,94109,5.7833238,,1357,1358,
Southpaw,Restaurants,2170 Mission Street,94110,Yucatasia,Restaurants,2154 Mission St,94110,5.814316379,,293,294,
Mozzeria,Restaurants,3232 16th St,94103,Ramen Izakaya Goku,Restaurants,3232 16th Street,94103,5.837155498,x,332,1442,
cesco piza italiana,Restaurants (Fast Food),175 4th St,94103,Buckhorn,Restaurants,101 4th Street,94103,5.858268534,,606,2570,
Pizzelle di North Beach,Restaurants,310 Columbus Ave,94133,Viva,Restaurants,310 Columbus Ave,94133,5.897281989,BOTH CLOSED,503,365,
Pasilla Mexican Grill,Restaurants,353 Kearny Street,94108,Harrow,Restaurants,353 Kearny Street,94108,5.901801657,BOTH CLOSED,328,330,
Bay Watch,Restaurants,2157 Lombard St,94123,Home Plate,Restaurants,2150 Lombard Street,94123,5.942138657,,260,501,
Jade Cafe,Restaurants,1698 Bryant Street,94103,Mikado Sushi,Restaurants,1684 Bryant Street,94103,5.942838324,,417,1437,
Beit Rima,Restaurants,138 Church Street,94114,El Castillito,Restaurants (Fast Food),136 Church Street,94114,5.961228223,,2504,2902,
Golden Lotus,Restaurants,631 Larkin Street,94109,Pho 2000,Restaurants,637 Larkin Street,94109,6.003902146,,1355,1356,
Healthy U,Restaurants (Fast Food),1600 Holloway Ave Cesar Chavez Student Center,94132,Ike's Place,Restaurants,1600 Holloway Ave Cesar Chavez Student Center,94132,6.023796818,x,662,154,
PPQ (Phở Phú Quốc) Beef Noodle House,Restaurants,1816 Irving Street,94122,The Taco Shop at Underdogs,Restaurants,1824 Irving Street,94122,6.071350789,,1446,1447,
Tawan's,Restaurants,4403 Geary Boulevard,94118,Modera Liquor & Wine,Corner Stores/Convenience Stores,4401 Geary Boulevard,94118,6.18140482,,2854,2992,
Picaro,Restaurants,3120 16th Street,94103,Pork Store Cafe Valencia,Restaurants,3122 16th Street,94103,6.205029904,,1376,2502,
Henry's Hunan Restaurant,Restaurants,668 Sacramento Street,94111,Vanda Siam,Restaurants,668 Sacramento Street,94111,6.281911265,x,381,383,x
Uva Enoteca,Restaurants,568 Haight Street,94117,Memphis Minnie's,Restaurants (Fast Food),576 Haight Street,94117,6.283993905,,1040,2894,
El Salvador,Restaurants,2278 Mission Street,94110,Mission Street Oyster Bar,Restaurants,2282 Mission Street,94110,6.339624879,,320,2649,
Parada 22,Restaurants,1805 Haight St,94117,Cha Cha Cha,Restaurants,1801 Haight Street,94117,6.347614754,,292,1146,
Wah Hing Market,International Grocery Stores,1200 Stockton Street,94133,Huaxing Produce Inc. 1,International Grocery Stores,1200 Stockton St,94133,6.356540306,x,2974,1910,
Glowing,Restaurants (Fast Food),3251 20th Ave,94132,Tokyo Express,Restaurants (Fast Food),3251 20th Ave,94132,6.374240199,x,684,687,
Fresco Pizza & Shawarma,Restaurants,1336 Polk St,94109,Piccadily Fish & Chips,Restaurants,1348 Polk Street,94109,6.393774496,,543,1058,
Korean Village Wooden Charcoal,Restaurants,4611 Geary Boulevard,94118,Gourmand,Corner Stores/Convenience Stores,4605 Geary Boulevard,94118,6.398578147,,2851,2990,
Jackson Produce,Corner Stores/Convenience Stores,15 Walter U. Lum Place,94108,Golden Star Vietnamese Restaurant,Restaurants,11 Walter U. Lum Place,94108,6.399803633,,726,2676,
Jack in the Box,Restaurants (Fast Food),400 Geary Street,94102,Bella Lucca Pizza,Restaurants,418 Geary Street,94102,6.453045908,,2890,2461,
Just For You,Restaurants,732 22nd Street,94107,Reno's,Liquor Stores,728 22nd Street,94107,6.464510831,,1202,2320,
Ravi,Restaurants,533 Jackson Street,94133,Trestle,Restaurants,351 Jackson Street,94133,6.579873002,,1107,1425,
Noah's Bagels,Restaurants (Fast Food),1521 Lakeshore Plaza,94132,Chipotle,Restaurants (Fast Food),1523 Lakeshore Plaza,94132,6.628492243,,2907,2908,
Aha! Fresh,Restaurants,4007 24th Street,94114,Plumpjack Wine and Spirits,Liquor Stores,4011 24th Street,94114,6.634826958,,1122,2329,
Blind Butcher,Restaurants,4058 18th Street,94114,Lark,Restaurants,4068 18th Street,94114,6.643653105,,1670,1671,
Papito,Restaurants,1457 18th Street,94107,MacDaddy,Restaurants,1453 18th Street,94107,6.685812069,,1268,2785,
Isa,Restaurants,3324 Steiner Street,94123,Toma Mexican Restaurant,Restaurants,3318 Steiner Street,94123,6.688093963,,2522,2621,
Hahn's Hibachi,Restaurants,1700 Polk Street,94109,Polk and Clay Liquor,Liquor Stores, Polk Street,94109,6.697769157,,286,3020,
Aramex,Restaurants,2022 Mission St,94110,Vallartas Taco Bar,Restaurants,2022 Mission St,94110,6.7041967,,302,303,
Naan ‘n’ Curry,Restaurants,737 3rd St,94107,SBC Pizza,Restaurants (Fast Food),737 3rd St,94107,6.752124982,,485,588,
Happy Donuts,Restaurants,3801 24th Street,94114,Shufat Market,Corner Stores/Convenience Stores,3807 24th Street,94114,6.760722229,,2546,2964,
Manitas Cafe,Restaurants,2078 Hayes Street,94117,Cindys Market,Corner Stores/Convenience Stores,2084 Hayes St,94117,6.763958854,,1640,1977,
The Chairman,Restaurants,670 Larkin Street,94109,Rainbow Market & Deli,Corner Stores/Convenience Stores,684 Larkin St,94109,6.77421872,,1360,2231,
Mangia Tutti,Restaurants,635 Clay St,94111,Munchboxx,Restaurants (Fast Food),645 Clay St,94111,6.800018451,,389,630,
Red Balloon,Restaurants,2763 Mission Street,94110,Mi Pueblito Market,International Grocery Stores,2765 Mission Street,94110,6.83560196,,2737,3034,
Ono Hawaiian BBQ,Restaurants (Fast Food),1501-A Sloat Boulevard,94132,Quiznos,Restaurants (Fast Food),1501-B Sloat Boulevard,94132,6.891407664,,1698,1699,
Sapoten,Restaurants,3420 Balboa Street,94121,Chino's,Restaurants,3416 Balboa Street,94121,6.895860085,,1518,1522,
Yummy Yummy,Restaurants,760 Pacific Avenue,94133,Gum Sing Market Inc.,International Grocery Stores,774 Pacific Ave,94133,6.903715496,,285,1915,
Brothers Restaurant,Restaurants,4128 Geary Boulevard,94118,Bella Pizza,Restaurants,4124 Geary Boulevard,94118,6.917358773,,2726,2727,
Paparikas,Restaurants,647 Clay Street,94111,Munchboxx,Restaurants (Fast Food),645 Clay St,94111,6.923175243,,390,630,
Polk St Produce,Corner Stores/Convenience Stores,1334 Polk Street,94109,Fresco Pizza & Shawarma,Restaurants,1336 Polk St,94109,6.928084493,,2260,543,
Blue Plate,Restaurants,3218 Mission Street,94110,Mi Lindo Peru,Restaurants,3226 Mission Street,94110,6.933787016,,1235,2693,
Chart House,Restaurants,Pier 39 Space 206-8,94133,Ghurros,Restaurants (Fast Food),Pier 39,94133,6.939075581,,351,622,
Wok Shop,Corner Stores/Convenience Stores,718 Grant Avenue,94108,Snow Garden Restaurant,Restaurants,718 Grant Avenue,94108,6.955325573,,2292,480,
Dong Hing LLC,International Grocery Stores,1210 Stockton St,94133,Huaxing Produce Inc. 1,International Grocery Stores,1200 Stockton St,94133,6.995940585,,1886,1910,
Gangnam Korean BBQ,Restaurants (Fast Food),3251 20th Ave,94132,Poke Bowl,Restaurants (Fast Food),3251 20th Ave,94132,7.015776796,,685,689,
Piccolo Forno,Restaurants,725 Columbus Avenue,94133,Sushi on North Beach - Katsu,Restaurants,745 Columbus Avenue,94133,7.015933993,,1569,2418,
Shihlin Taiwan Street Snacks,Restaurants (Fast Food),3251 20th Ave Ste 250J,94132,Panda Express,Restaurants (Fast Food),3251 20th Avenue,94132,7.050855812,,681,1741,
Massawa Restaurant,Restaurants,516 Green Street,94133,Golden Boy Pizza,Restaurants,540 Green Street,94133,7.065416813,,369,2747,
Fish N Gari,Restaurants,1718 Polk Street,94109,Hahn's Hibachi,Restaurants,1700 Polk Street,94109,7.0657848,,2658,286,
Subway,Restaurants (Fast Food),4845 Mission St,94112,Mission Noodle House,Restaurants,4845 Mission Street,94112,7.078704718,,586,2782,
Sandy's Cafe & Deli,Restaurants,1382 9th Avenue,94122,Will Sushi,Restaurants,1378 9th Avenue,94122,7.080811946,,1366,1365,
Caffe Bella Venezia,Restaurants,720 Post Street,94109,Kinara Fusion Kitchen,Restaurants,710 Post Street,94109,7.09792585,,955,1615,
Chim,Restaurants,653 Clay St,94111,Paparikas,Restaurants,647 Clay Street,94111,7.118545494,,392,390,
Ayola,Restaurants,321 Kearny Street,94108,Muracci's Japanese Curry and Grill,Restaurants,307 Kearny Street,94108,7.138244805,,403,1478,
Taqueria Miraloma,Restaurants,755 Portola Drive,94127,Miraloma Market,International Grocery Stores,755 Portola Drive,94127,7.14637202,,1231,2345,
Tasty Restaurant,Restaurants,5530 Geary Boulevard,94121,Jijime,Restaurants,5524 Geary Boulevard,94121,7.14954543,,2819,2820,
Pancho's,Restaurants,1653 Polk St,94109,Indian Roma,Restaurants,1643 Polk Street,94109,7.151102912,,74,75,
An Sushi,Restaurants,22 Peace Plz,94115,Mifune Don,Restaurants,22 Peace Plz Ste 560,94115,7.156113649,,517,518,
Taco Bell,Restaurants (Fast Food),7 Drumm Street,94111,Drumm Market,Liquor Stores,15 Drumm Street,94111,7.16679343,,2923,3022,
The Grubbies (築地の丼物),Restaurants,123 2nd Street,94105,North India,Restaurants,123 2nd Street,94105,7.181699546,,1105,1413,
Lafayette Coffee Shop,Restaurants,499 Eddy St,94102,Cadliiac Market,Restaurants,499 Eddy St,94102,7.185869805,,408,409,
Rintaro,Restaurants,76 14th Street,94103,Chez Spencer,Restaurants,"82  14th St, San Francisco ",94103,7.213660878,,499,1130,
Split Bread,Restaurants,145 4th Street,94103,Noodles & Company,Restaurants,155 4th Street,94103,7.218346182,,1152,1308,
Seoul Garden Restaurant,Restaurants,22 Peace Plz,94115,Mifune Don,Restaurants,22 Peace Plz Ste 560,94115,7.219916298,,432,518,
Thai Chef,Restaurants, 18th Street,94114,Walgreens,Drug Stores,4129 18th Street,94114,7.227635422,,1194,2298,
Wok & Go,Restaurants,2700 24th Street,94110,N & V Liquor & Grocery,Corner Stores/Convenience Stores,2702 24th Street,94110,7.275574823,,1501,2286,
Hing Lung Co,Restaurants,1261 Stockton St,94133,Kum Luen,International Grocery Stores,1248 Stockton St,94133,7.281762168,,283,816,
Art's Cafe,Restaurants,747 Irving Street,94122,Fresca,Restaurants,737 Irving Street,94122,7.320977885,,1150,1379,
Tazaki Sushi,Restaurants,3420 Judah Street,94122,Pisces California Cuisine,Restaurants,3414 Judah Street,94122,7.338388294,,2743,2744,
Katana-Ya,Restaurants,430 Geary Street,94102,Quiznos,Restaurants (Fast Food),422 Geary Street,94102,7.344765765,,1050,2899,
Pachins Pizzeria,Restaurants,380 Bush St,94104,International Food Court,Restaurants,380 Bush St,94104,7.352860487,,401,399,
Red Hill Station,Restaurants,803,94110,Pizza Express,Restaurants,813 Cortland Ave,94110,7.357116836,,2770,2771,
New Asia,Restaurants,774 Pacific Avenue,94133,Gum Sing Market Inc.,International Grocery Stores,774 Pacific Ave,94133,7.375886521,,284,1915,
Cafe Elena,Restaurants (Fast Food),1 Market Plz,94105,¡Unamas! Mexican Grill,Restaurants (Fast Food),1 Market Plz,94105,7.389564368,,671,674,
Clement Street Farmers Market,Farmers Markets,200 Clement St,94118,Tenglong Chinese Restaurant,Restaurants,208 Clement Street,94118,7.40254824,,2310,2837,
Farmer Brown,Restaurants,25 Mason Street,94102,DIYA Indian and Nepali food,Restaurants,25 Mason Street,94102,7.413244845,,1209,2873,
Rainbow Way,Restaurants,483 3rd St,94107,Garaje,Restaurants,475 3rd Street,94107,7.417060142,,200,1172,
Lotus Garden,Restaurants,3202 Mission Street,94110,Blue Plate,Restaurants,3218 Mission Street,94110,7.440456398,,306,1235,
Jai Yun Restauranr,Restaurants,670 Clay Street,94111,Lucky Corner Restaurant,Restaurants,700 Kearny Street,94111,7.465842542,,394,388,
Gourmet Delight B.B.Q.,Restaurants,1045 Stockton Street,94108,Gourmet Kitchen,Restaurants,1101 Stockton St,94108,7.467479997,,2696,313,
Cheese Steak Shop,Restaurants (Fast Food),1716 Divisadero Street,94115,Round Medical Supply and Uniforms,Drug Stores,1712 Divisadero Street,94115,7.483175996,,2929,3002,
Beach Burrito,Restaurants,3914 Judah St,94122,Judahlicious,Restaurants,3906 Judah Street,94122,7.49478804,,202,1205,
Chili House,Restaurants,726 Clement Street,94118,Good Luck,Restaurants,736 Clement Street,94118,7.496127952,,1627,1628,
Stone Bowl+,Restaurants,509 Haight Street,94117,Perilla,Restaurants,525 Haight Street,94117,7.542282246,,1594,2764,
Onigilly,Restaurants,337 Kearny St,94108,Ramen Bay,Restaurants,353 Kearny Street,94108,7.559038423,,327,326,
Belga,Restaurants,2042 Union St,94123,Flores,Restaurants,2030 Union St,94123,7.562455118,,481,482,
Orenchi Beyond,Restaurants,174 Valencia Street,94103,Pizza Zone N Grill,Restaurants,178 Valencia Street,94103,7.565975659,,1317,1318,
Pay Little Market,Corner Stores/Convenience Stores,801 Cortland Ave,94110,Red Hill Station,Restaurants,803,94110,7.568161087,,746,2770,
The Plant | Cafe Organic,Restaurants,3352 Steiner St,94123,"Saiwalks, Vietnamese Street Food",Restaurants (Fast Food),3348 Steiner Street,94123,7.598106327,,210,2916,
Fondue Chinoise,Restaurants,430 Broadway,94133,Mura,Restaurants,452 Broadway,94133,7.612398413,,2746,370,
Appleland Market,International Grocery Stores,843 Clement St,94118,Cable Car,Liquor Stores,841 Clement Street,94118,7.617896103,,1969,2341,
Shanghai China Restaurant,Restaurants,1559 Mission Street,94103,Zaoh,Restaurants,1555 Mission Street,94103,7.641423879,,2845,2846,
Pacific Catch,Restaurants,2027 Chestnut Street,94123,Tacolicious,Restaurants, Chestnut Street,94123,7.657839715,,2594,2596,
Balboa Produce Market,Supermarkets/Grocery Stores,3635 Balboa Street,94121,Miki Japanese,Restaurants,3639 Balboa Street,94121,7.673857566,,2355,1515,
Lucky 755,Supermarkets/Grocery Stores,1515 Sloat Blvd,94132,LUCKY #755,Supermarkets/Grocery Stores,1515 SLOAT BLVD,94132,7.679304938,,2192,2240,
Emmy's Restaurant,Restaurants,1923 Ocean Avenue,94112,Joyful Kitchen,Restaurants,1919 Ocean Avenue,94112,7.686846807,,1676,1677,
Yummy BBQ Kitchen,Restaurants,681 Broadway,94133,"Tai Hing, Inc",International Grocery Stores,681 Broadway,94133,7.691366676,,173,2016,
Village Pizzeria,Restaurants,1243 Van Ness Avenue,94109,Alborz,Restaurants,1245 Van Ness Avenue,94109,7.728103109,,2513,2517,
Pharoahs Mediterranean Restaurant,Restaurants,608 Geary Street,94102,Milan Pizza,Restaurants,606 Geary Street,94109,7.789765467,,1049,2457,
Waraku,Restaurants,1638 Post Street,94115,YakiniQ,Restaurants,1640 Post Street,94115,7.811728974,,1221,2750,
Ike’s,Restaurants (Fast Food),3251 20th Ave,94132,Villa,Restaurants (Fast Food),3251 20th Ave,94132,7.861444984,,682,683,
Squat & Gobble,Restaurants,2263 Chestnut Street,94123,Bonita Taqueria Y Rotisserie,Restaurants,2257 Chestnut Street,94123,7.875334826,,1020,2622,
Chava's,Restaurants,2839 Mission Street,94110,Mi Yucatan,Restaurants,2845 Mission Street,94110,7.88829688,,1574,1575,
Ton Kiang,Restaurants,5821 Geary Boulevard,94121,An Chi,Restaurants,5827 Geary Boulevard,94121,7.892386888,,2824,2825,
HD Rice Noodle,Restaurants,1395 Noriega Street,94122,Peking Restaurant,Restaurants,1375 Noriega Street,94122,7.893309321,,1486,1491,
Volare Pizza & Mediterranean Fusion,Restaurants (Fast Food),466 Haight Street,94117,Nickie's Bar and Restaurant,Restaurants,466 Haight Street,94117,7.903493525,,657,1595,
Taqueria La Iguana Azul,Restaurants,934 Geneva Avenue,94112,Phillies authentic cheesesteaks,Restaurants (Fast Food),938 Geneva Avenue,94112,7.914173597,,380,629,
El Toreador,Restaurants,50 West Portal Avenue,94127,Easy Breezy,Restaurants (Fast Food),44 West Portal Avenue,94127,7.914175628,,1327,1715,
Le Chad House,Restaurants,1300 Grant Ave,94133,Chubby Noodle,Restaurants,1310 Grant Avenue,94133,7.927531971,,379,2528,
B Star,Restaurants,127 Clement Street,94118,Le Soleil,Restaurants,133 Clement Street,94118,7.961094065,,2553,2554,
Dong Hing Supermarket,International Grocery Stores,1214 Stockton Street,94133,New Fruit Garden Llc,International Grocery Stores,1216 Stockton St,94133,8.006553557,,806,2020,
La Tortilla,Restaurants,495 Castro Street,94114,Posh Bagels,Restaurants,495 Castro Street,94114,8.036651579,,1182,1186,
Phat Philly,Restaurants,3388 24th Street,94110,Big Mouth Burgers & Beers,Restaurants,3392 24th Street,94110,8.054151836,,1125,2573,
Bouche,Restaurants,603 Bush Street,94108,Food Fair Market Liquors,Corner Stores/Convenience Stores,611 Bush Street,94108,8.061389357,,1116,2963,
Baiano Pizzeria,Restaurants,1330 9th Avenue,94122,Inner Sunset Farmers' Market,Farmers Markets,1326 9th Ave,94122,8.073543623,,1362,1906,
Subway,Restaurants (Fast Food),1244 Market Street,94102,Munch Haven,Restaurants,1244 Market Street,94102,8.077279351,,561,2537,
Pomelo,Restaurants,92 Judah Street,94122,You See Sushi,Restaurants,94 Judah Street,94122,8.110258172,,1388,1389,
Taqueria Can-cun,Restaurants,3211 Mission Street,94110,Outer Orbit,Restaurants,3215 Mission Street,94110,8.121001502,,1481,1482,
Supremo's Pizza,Restaurants,996 Mission Street,94103,Jenny's Restaurant,Restaurants,996 Mission Street,94103,8.17021301,,356,359,
Tops Café BBQ House,Restaurants,2460 San Bruno Ave,94134,J. Georgie's Donuts & Hamburger,Restaurants (Fast Food),2464 San Bruno Avenue,94134,8.219773518,,91,569,
Ghorkha Kitchen,Restaurants,1386 9th Avenue,94122,Sandy's Cafe & Deli,Restaurants,1382 9th Avenue,94122,8.239425822,,1367,1366,
LittleNepal,Restaurants,925 Cortland Avenue,94110,3rd Cousin,Restaurants,919 Cortland Avenue,94110,8.269700518,,2757,2758,
Ava and Joeseph 4 ever,Restaurants (Fast Food),19 Belvedere Street,94117,El Rancho Grande,Restaurants (Fast Food),1654 Haight Street,94117,8.275334071,,1748,2915,
Hard Knox Cafe,Restaurants,2448 Clement Street,94121,Daigo Sushi,Restaurants,2450 Clement Street,94121,8.276439837,,2520,2864,
Osha Express,Restaurants (Fast Food),1 Market Plz #5,94105,Cafe Elena,Restaurants (Fast Food),1 Market Plz,94105,8.341688436,,675,671,
Taylor Street Coffee Shop,Restaurants,375 Taylor Street,94102,Muang Thia,Restaurants,385 Taylor Street,94102,8.356856369,,1285,2477,
Grant Place,Restaurants,743 Washington Street,94108,Washington Bakery & Restaurant,Restaurants,733 Washington Street,94108,8.386961141,,289,2664,
Slanted Door,Restaurants,1 Ferry Building #3,94111,Humphrey Slocombe,Restaurants,1 Ferry Bldg,94111,8.389644066,,26,1566,
Em Deli Sf,Corner Stores/Convenience Stores,714 Post St,94109,Kinara Fusion Kitchen,Restaurants,710 Post Street,94109,8.40131051,,2101,1615,
Buddies Market,Supermarkets/Grocery Stores,678 Chenery Street,94131,Tekka House,Restaurants,678 Chenery Street,94131,8.41482539,,802,1504,
"Asha Thai Grab ""n"" Go",Restaurants,450 Sutter St,94108,Four-Fifty Sutter Pharmacy,Drug Stores,450 Sutter Street,94108,8.432181237,,263,2299,
Mac'd,Restaurants,2127 Polk Street,94109,Fusion Poki,Restaurants,2123 Polk Street,94109,8.465850413,,1170,1548,
Elephant Sushi,Restaurants,705 Geary Street,94109,barnzu,Restaurants,711 Geary Street,94109,8.482259777,,1395,1396,
West Portal Daily,International Grocery Stores,36 West Portal Avenue,94127,Easy Breezy,Restaurants (Fast Food),44 West Portal Avenue,94127,8.492431671,,2271,1715,
China First,Restaurants,336 Clement Street,94118,King’s Thai Cuisine #2,Restaurants,346 Clement Street,94118,8.495246702,,2839,2844,
La Bricola,Restaurants,487 3rd Street,94107,Rainbow Way,Restaurants,483 3rd St,94107,8.498813932,,199,200,
Vietnam,Restaurants,620 Broadway,94133,Sam's,Restaurants (Fast Food),616 Broadway,94133,8.552470731,,189,628,
um.ma,Restaurants,1220 9th Avenue,94122,Nopalito,Restaurants,1224 9th Avenue,94122,8.582780948,,1213,1241,
Cinco de Mayo Taquería,Restaurants,2428 San Bruno Ave,94134,Cali-Phô-nia,Restaurants,2426 San Bruno Ave,94134,8.585327708,,89,92,
Casa Mexicana,Restaurants,3917 24th Street,94114,Sultan’s Kebab,Restaurants,3915 24th Street,94114,8.603001809,,1119,2808,
Hoa Phat,Restaurants,666 Larkin Street,94109,The Chairman,Restaurants,670 Larkin Street,94109,8.614865339,,1359,1360,
Omakase,Restaurants,665 Townsend Street,94107,Okane,Restaurants,669 Townsend Street,94107,8.630967027,,2631,2881,
MARINA SUPER,Supermarkets/Grocery Stores,2323 Chestnut St,94123,Mamacita,Restaurants,2317 Chestnut Street,94123,8.639638593,,2055,2624,
Hakkasan,Restaurants,1 Kearny St,94108,Walgreens,Drug Stores,31 Geary St,94108,8.647223771,,333,756,
Red A Bakery,Restaurants (Fast Food),617 Clement St,94118,Sakesan,Restaurants,626 Clement Street,94118,8.648104374,,691,2853,
Emmy's Spaghetti Shack,Restaurants,3230 Mission Street,94110,Mi Lindo Peru,Restaurants,3226 Mission Street,94110,8.648382382,,2626,2693,
Tapas Bar,Restaurants,1355 Market St,94103,Project Juice,Restaurants (Fast Food),1355 Market St,94103,8.692367781,,337,613,
Mission Chinese Food,Restaurants,2234 Mission Street,94110,Wes Burger,Restaurants,2240 Mission Street,94110,8.694703129,,1088,2706,
Chotto,Restaurants,3317 Steiner Street,94123,Ace Wasabi's,Restaurants,3339 Steiner Street,94123,8.711465115,,1534,2595,
Sweet Basil Thai,Restaurants,3221 Mission Street,94110,Outer Orbit,Restaurants,3215 Mission Street,94110,8.726946493,,1236,1482,
Toast Eatery,Restaurants,160 West Portal Avenue,94127,Trattoria da Vittorio,Restaurants,150 West Portal Avenue,94127,8.7289995,,1036,1180,
Henry's Hunan North,Restaurants,1398 Grant Ave,94133,Dupont Thai,Restaurants,1398 Grant Avenue,94133,8.787961635,,368,2400,
Sorabol Korean BBQ & Asian,Restaurants (Fast Food),135 4th St,94103,San Francisco Soup Company,Restaurants (Fast Food),135 4th St,94103,8.791390398,,605,666,
Moon Fung Chinese Herbs Ginseng & Tea,International Grocery Stores,1033 Taraval St,94116,Made in China,Restaurants,1033 Taraval Street,94116,8.826662905,,755,1335,
Blaze Pizza,Restaurants,3251 20th Ave,94132,Great Steak,Restaurants (Fast Food),3251 20th Ave,94132,8.827908975,food court,515,686,
Walgreens 4231,Drug Stores,2690 Mission St,94110,SUN FAT SEAFOOD,Supermarkets/Grocery Stores,2687 Mission St,94110,8.8362033,,1771,2118,
Twin Peaks Pizza,Restaurants,1681 Church Street,94131,Clay Oven,Restaurants,1689 Church Street,94131,8.847274767,,2613,2614,
Mi Tierra Produce,International Grocery Stores,2017 Mission St,94110,The Sandwich Place,Restaurants,2029,94110,8.875479769,,820,1176,
Estela's fresh sandwich,Restaurants,8911 Bush Street,94108,City chopsticks,Restaurants,883 Bush Street,94108,8.924249033,,2711,2712,
ABC Falafel,Restaurants,1237 Van Ness Ave,94109,Kyoto Sushi,Restaurants,1233 Van Ness Avenue,94109,8.953749107,,473,1113,
Biscuits & Blues,Restaurants,401 Mason Street,94102,Jack in the Box,Restaurants (Fast Food),400 Geary Street,94102,8.976513035,,2465,2890,
KFC Taco Bell,Restaurants (Fast Food),200 Duboce Ave,94103,KFC Taco Bell,Restaurants (Fast Food),200 Duboce Avenue,94103,8.984556621,x,549,2886,x
Pad Thai,Restaurants,3253 Mission St,94110,San Miguel,Restaurants,3261 Mission Street,94110,8.993492299,,307,308,
Tikka Masala,Restaurants,98 Judah Street,94122,You See Sushi,Restaurants,94 Judah Street,94122,8.996604868,,1390,1389,
Garcon,Restaurants,1101 Valencia Street,94110,Esperpento,Restaurants,3295 22nd Street,94110,9.002027649,,171,2616,
MyCanh,Restaurants,644 Broadway,94133,Vietnam,Restaurants,620 Broadway,94133,9.005016657,,371,189,
Xiao Long Bao Restaurant,Restaurants (Fast Food),625 Clement Street,94118,Wing Hing Seafood Market,International Grocery Stores,633 Clement Street,94118,9.019382937,,2943,3036,
Lo-cost Meat Market 2,Supermarkets/Grocery Stores,2918 24th St,94110,La Espiga De Oro,Restaurants,2916 24th Street,94110,9.031266644,,2075,2687,
Bocce Cafe,Restaurants,478 Green Street,94133,Maykadeh Persian Restaurant,Restaurants,470 Green Street,94133,9.044763782,,2401,2402,
D&T Market,International Grocery Stores,1118 Stockton St,94133,City Super,International Grocery Stores,1108 Stockton St,94133,9.052447623,,1902,2023,
Wipeout bar & grill,Restaurants, Pier 39,94133,Chowders,Restaurants, Pier 39,94133,9.062569742,,2709,2710,
Domino's,Restaurants (Fast Food),876 Geary Street,94109,Mid City Market,Corner Stores/Convenience Stores,868 Geary St,94109,9.076927659,,1691,2142,
Asa Sushi,Restaurants,2365 Chestnut Street,94123,Mezes Kitchen & Wine Bar,Restaurants,2373 Chestnut Street,94123,9.079191383,,2429,2625,
Coit Liquors,Corner Stores/Convenience Stores,579 Columbus Avenue,94133,Michelangelo Caffe,Restaurants,579 Columbus Avenue,94133,9.094786193,"BOTH CLOSED now Il Cilentano, an Italian Restaurant",724,1374,
O'LOONEY'S MARKET,Corner Stores/Convenience Stores,588 Haight St,94117,Himalaya Plaza,International Grocery Stores, Haight Street,94117,9.099488635,,2211,2961,
Matko: Flavors of Korea,Restaurants (Fast Food),1 Market St,94105,Coast Poke Counter,Restaurants (Fast Food),1 Market Plz #5,94105,9.143563061,,672,673,
San Sun,Restaurants,826 Washington St,94108,Miss Q's Convenience Llc,Corner Stores/Convenience Stores,838 Washington St,94108,9.154107555,,445,2181,
Jasmine Tea House,Restaurants,3253 Mission St,94110,Pad Thai,Restaurants,3253 Mission St,94110,9.176797999,x,309,307,x
Ladle & Leaf,Restaurants (Fast Food),1 Market,94105,Coast Poke Counter,Restaurants (Fast Food),1 Market Plz #5,94105,9.203756624,,670,673,
"Salvation Army Family Services, Mission",Food Banks/Pantries,1156 Valencia Street,94110,Sugoi Sushi,Restaurants,1152 Valencia Street,94110,9.205244181,,847,2636,
Vicoletto Ristorante & Wine Bar,Restaurants,550 Green Street,94133,Gigi Oysters,Restaurants,552 Green Street,94133,9.206543242,,2436,2437,
Tan Hua Sf Llc,International Grocery Stores,1143 Stockton St,94133,Duk Hing,International Grocery Stores,1151 Stockton St,94133,9.254394106,,1927,1949,
Changyi Trading Inc.,International Grocery Stores,1018 Stockton St,94108,Golden Way Trading Company,International Grocery Stores,1024 Stockton St,94108,9.268331385,,2026,1979,
Kitchen Story,Restaurants,3499 16th St,94114,Ike's Place,Restaurants,3489 16th Street,94114,9.316407076,,207,1101,
Pete's BBQ,Restaurants,574 Green St,94133,Cafe Sport,Restaurants,574 Green Street,94133,9.348346608,x,374,2405,x
Banana House,Restaurants,319 Kearny Street,94108,Ayola,Restaurants,321 Kearny Street,94108,9.354666201,,404,403,
Blush Frozen Yogurt,Restaurants,225 King Street,94107,Hot Plate Cuisine,Restaurants,217 King Street,94107,9.357396521,,162,2768,
Gordo Taqueria,Restaurants,1239 9th Avenue,94122,Jenny's Burger,Restaurants (Fast Food),1233 9th Avenue,94122,9.362937043,,1384,2905,
The City Taqueria,Restaurants,1836 Divisadero St #2,94115,Yum Yum Hunan,Restaurants,1828 Divisadero Street,94115,9.414341425,,541,2761,
The Original Perfect Hamburger,Restaurants,601 Geary Street,94102,Kim Thanh Seafood Restaurant,Restaurants,607 Geary Street,94102,9.422272926,,2458,2459,
Walgreens 01626,Drug Stores,2494 San Bruno Ave,94134,"Silver Market, Inc",International Grocery Stores,2501 San Bruno Ave,94134,9.434633794,,1801,2102,
Nick's Liquor,Liquor Stores,1230 Grant Ave,94133,Il Casaro Pizzeria,Restaurants,348 Columbus Avenue,94133,9.436570274,,782,1593,
Z & Y Restaurant,Restaurants,655 Jackson Street,94108,Great Eastern Restaurant,Restaurants,649 Jackson Street,94108,9.453434394,,2611,2612,
Peasant Pies,Restaurants,550 Gene Friend Way,94158,Subway,Restaurants (Fast Food),550 Gene Friend Way,94158,9.45389933,,224,592,
Submarine Center,Restaurants (Fast Food),820 Ulloa Street,94127,BullsHead Restaurant,Restaurants,820 Ulloa St,94127,9.465885634,,1718,183,
Hop Hing Ginseng & Company,International Grocery Stores,1027 Stockton St,94108,Mei's Groceries,International Grocery Stores,1037 Stockton St,94108,9.488327271,,1881,1895,
Torraku Ramen,Restaurants,300 De Haro Street,94103,El Sur,Restaurants,300 De Haro Street,94103,9.508118977,,2878,2879,
Great Eastern Restaurant,Restaurants,649 Jackson Street,94108,Great Dim Sum,Restaurants,649 Jackson Street,94108,9.560628269,x,2612,2640,x
Puccini & Pinetti,Restaurants,129 Ellis St,94102,Kin Khao,Restaurants,55 Cyril Magnin Street,94102,9.578402004,,58,2732,
Cadillac Grocery,Corner Stores/Convenience Stores,499 Eddy St,94109,Cadliiac Market,Restaurants,499 Eddy St,94102,9.615929977,x,2141,409,x
Doobu,Restaurants,1723 Buchanan St,94115,Kimochi,Restaurants,1739 Buchanan Street,94115,9.627585987,,132,158,
Castagna,Restaurants,2015 Chestnut Street,94123,Pacific Catch,Restaurants,2027 Chestnut Street,94123,9.670616354,,2620,2594,
Lupa Trattoria,Restaurants,4109 24th Street,94114,The Little Chihuahua,Restaurants,4123 24th Street,94114,9.688383541,,2542,2650,
Brenda's French Soul Food,Restaurants,652 Polk Street,94102,KFC & Taco Bell,Restaurants (Fast Food),691 Eddy Street,94102,9.689794214,,2370,2887,
Calzone's Pizza Cucina,Restaurants,430 Columbus Ave,94133,Mercato,Supermarkets/Grocery Stores,450 Columbus Avenue,94133,9.699849476,,250,2351,
LA LOMA PRODUCE 7,International Grocery Stores,2695 San Bruno Ave,94134,Bus Stop Liquors and Deli,Corner Stores/Convenience Stores,2698 San Bruno Ave,94134,9.707338431,,1993,2202,
Indian Oven,Restaurants,233 Fillmore Street,94117,Iza Ramen,Restaurants,237 Fillmore Street,94117,9.713256714,,1043,1421,
Marnee Thai,Restaurants,1243 9th Avenue,94122,Gordo Taqueria,Restaurants,1239 9th Avenue,94122,9.718851516,,1385,1384,
Cafe Lombard,Restaurants,1434 Lombard St,94123,Bobo's the Burger,Restaurants (Fast Food),1434 Lombard St,94123,9.748445384,x,360,625,x
Gigi Oysters,Restaurants,552 Green Street,94133,Sotto Mare,Restaurants,552 Green Street,94133,9.781564972,x,2437,2699,x
Tu Lan Restaurant,Restaurants,8 6th Street,94103,Homeskillet,Restaurants,1001 Market Street,94103,9.788555727,,2414,2525,
Popeyes,Restaurants (Fast Food),890 Geneva Ave,94112,Batter Up,Restaurants,888 Geneva Ave,94112,9.790150666,,585,1174,
Suppenküche,Restaurants,525 Laguna Street,94102,Petit Crenn,Restaurants,609 Hayes Street,94102,9.82127874,,2440,2472,
Sens,Restaurants,4 Embarcadero Center,94111,Boudin Bakery & Cafe,Restaurants,4 Embarcadero Center,94111,9.845091892,food court,120,1508,
Spinnerie,Restaurants,1401 Polk Street,94164,Shalimar,Restaurants,1419 Polk St,94109,9.861226371,,1319,72,
McDonald's,Restaurants (Fast Food),609 Market Street,94105,Lee's Deli,Restaurants (Fast Food),615 Market Street,94105,9.871937654,,1703,1732,
Indian Clay Oven,Restaurants,2436 Clement St,94121,Hard Knox Cafe,Restaurants,2448 Clement Street,94121,9.892610961,,531,2520,
Tung Sing Restaurent,Restaurants,1212 Broadway Ste 740A,94114,Plumpjack Wine and Spirits,Liquor Stores,4011 24th Street,94114,9.894958887,,147,2329,
Burma Grub,Restaurants,659 Townsend Street,94107,Omakase,Restaurants,665 Townsend Street,94107,9.913889726,,2562,2631,
Xing Ye Trading Inc,International Grocery Stores,1262 Stockton St,94133,Best Food,Corner Stores/Convenience Stores,1262 Stockton Street,94133,9.935612227,x,1899,706,x
Europa Plus,International Grocery Stores,5350 Geary Blvd,94121,Ichiraku,Restaurants,5336 Geary Boulevard,94121,9.947717132,,1995,2815,
My Tofu House,Restaurants,4627 Geary Boulevard,94118,First Korean Market,International Grocery Stores,4625 Geary Boulevard,94118,9.972335233,,2848,2969,
Lemonade,Restaurants,781 Mission Street,94103,Super Duper Burgers,Restaurants (Fast Food),783 Mission Street,94103,10.0200239,,1310,1712,
Kisu,Restaurants,47 Belden Pl,94104,Ramen Underground,Restaurants,356 Kearny Street,94108,10.03793446,,449,1512,
Turtle Tower,Restaurants,645 Larkin Street,94109,Pagolac,Restaurants,655 Larkin Street,94109,10.04494785,,254,1357,
Joy Hing B.B.Q Noodle House,Restaurants,716 Kearny St,94111,The Garden Restaurant,Restaurants,716 Kearny Street,94111,10.07174721,x,305,2590,x
Freshroll,Restaurants,157 4th Street,94103,Noodles & Company,Restaurants,155 4th Street,94103,10.08729304,,1309,1308,
Casa Guadalupe 2,International Grocery Stores,2909 Mission St,94110,Casa Guadalupe,International Grocery Stores,2909 Mission Street,94110,10.09082844,x,1880,3028,x
Rosamunde Sausage Grill,Restaurants (Fast Food),545 Haight Street,94117,Mythic Pizza,Restaurants (Fast Food),551 Haight Street,94117,10.09500367,,2898,2897,
All States Best Foods,Corner Stores/Convenience Stores,1607 20th Street,94107,Dave's Food Store,Liquor Stores,1601 20th Street,94107,10.12486735,,2285,2339,
New Country Sky,Restaurants,3321 Steiner Street,94123,Chotto,Restaurants,3317 Steiner Street,94123,10.1445122,,214,1534,
Indian Paradox,Restaurants,258 Divisadero Street,94117,Ijji,Restaurants,252 Divisadero Street,94117,10.16900349,,2659,2660,
Le P'tit Laurent,Restaurants,699 Chenery Street,94131,Higher Grounds Coffee House and Restaurant,Restaurants,691 Chenery Street,94131,10.17249013,,2499,2870,
Hi Lo BBQ,Restaurants,3416 19th Street,94110,Lazy Bear,Restaurants,3416 19th Street,94110,10.19364069,x,2376,2733,x
Kasa,Restaurants,1356 Polk Street,94109,Piccadily Fish & Chips,Restaurants,1348 Polk Street,94109,10.21037957,,1225,1058,
The Dorian,Restaurants,2001 Chestnut St,94123,Castagna,Restaurants,2015 Chestnut Street,94123,10.2151055,,211,2620,
Clement Dung Market,International Grocery Stores,645 Clement St,94118,King's Thai Cuisine #1,Restaurants (Fast Food),639 Clement Street,94118,10.23512642,,1945,2944,
Poesia,Restaurants,4072 18th Street,94114,Lark,Restaurants,4068 18th Street,94114,10.25370574,,1672,1671,
Win's Restaurant,Restaurants,3040 Taraval Street,94116,Vanida Thai Kitchen,Restaurants,3050 Taraval Street,94116,10.29383978,,1046,1047,
Wing Hing Seafood Market Inc.,International Grocery Stores,633 Clement St,94118,Wing Hing Seafood Market,International Grocery Stores,633 Clement Street,94118,10.30556084,x,1951,3036,x
Pizzeria,Restaurants (Fast Food),407 Ellis St,94102,U S Smoke Shop,Corner Stores/Convenience Stores,411 Ellis Street,94102,10.34377386,,641,744,
Canna Bistro,Restaurants,464 Broadway,94133,Paris Pizza,Restaurants,460 Broadway,94133,10.3508791,,542,372,
Om Indian Cuisine,Restaurants,1668 Haight Street,94117,Ava and Joeseph 4 ever,Restaurants (Fast Food),19 Belvedere Street,94117,10.36092534,,1656,1748,
Luna,Restaurants,694 Valencia Street,94110,Hawker Fare,Restaurants,680 Valencia St,94110,10.36772441,,506,507,
Akiko's Sushi Bar,Restaurants,530 Mason St,94102,Mason Liquor & Deli,Corner Stores/Convenience Stores,530 Mason St,94102,10.3873465,x,45,700,
Hank's Eats,Restaurants,1107 Polk Street,94109,NEW INDIA BAZAR,International Grocery Stores,1107 Polk St,94109,10.3917457,x,55,1989,
Little Star Pizza,Restaurants,846 Divisadero Street,94117,Che Fico,Restaurants,838 Divisadero Street,94117,10.41187229,,1077,1661,
Vikings Giant Subs,Restaurants (Fast Food),1422 Lombard Street,94123,Cafe Lombard,Restaurants,1434 Lombard St,94123,10.42819496,,624,360,
Little Paris,Restaurants,1131 Stockton Street,94133,Liang's Food,International Grocery Stores,1145 Stockton St,94133,10.45222021,,1523,1937,
Gialina,Restaurants,2842 Diamond Street,94131,La Corneta Taqueria,Restaurants,2834 Diamond Street,94131,10.46183273,,1505,1506,
Perry's,Restaurants,155 Steuart Street,94105,Ozumo,Restaurants,161 Steuart Street,94105,10.4688236,,1259,2641,
Nara Sushi,Restaurants,1515 Polk Street,94109,Swan Oyster Depot,Restaurants,1517 Polk Street,94109,10.48248113,,1059,2490,
Jasmine Garden,Restaurants,718 14th St,94114,George's Liquor,Corner Stores/Convenience Stores,702 14th Street,94114,10.49488791,,276,2950,
Lightning Foods,Restaurants,333 Market St,94104,Tokyo Express,Restaurants,99 Battery Street,94104,10.51532307,,459,460,
Jacks Market Inc,Liquor Stores,471 3rd St,94107,Rainbow Way,Restaurants,483 3rd St,94107,10.52573198,,2099,200,
Nabe,Restaurants,1325 9th Avenue,94122,Soi Gow Thai Noodle Cafe,Restaurants,1319 9th Avenue,94122,10.53506928,,1254,1369,
Wine Merchant,Liquor Stores,1 Ferry Building #37,94111,Buyer's Best Friend Wholesale & Market,Supermarkets/Grocery Stores,1 Ferry Plaza,94111,10.55476816,,765,2350,
Golden Gate Market,Corner Stores/Convenience Stores,225 Leavenworth St,94102,Tenderloin Market And Deli,Corner Stores/Convenience Stores,200 Leavenworth St,94102,10.56809212,,1943,2176,
Oasis Grill,Restaurants,91 Drumm Street,94111,Subway,Restaurants (Fast Food),99 Drumm Street,94111,10.57325181,,1414,1694,
Stacks Diner,Restaurants,501 Hayes Street,94102,Patxi's,Restaurants,511 Hayes Street,94102,10.58650194,,2511,1219,
Weird Fish,Restaurants,2193 Mission Street,94110,Reaction (closed),Restaurants,2183 Mission Street,94110,10.59846376,,2377,2530,
"Fresh Meat Market, Inc 1",Supermarkets/Grocery Stores,2704 Mission St,94110,Kababayan Filipino,Restaurants,2706 Mission Street,94110,10.60897386,,2077,2793,
LA LOMA #10,International Grocery Stores,2456 San Bruno Ave,94134,Tops Café BBQ House,Restaurants,2460 San Bruno Ave,94134,10.63318093,,1997,91,
Nob Hills Finest Market,Supermarkets/Grocery Stores,1415 Clay Street,94109,Lebeau Nob Hill Market 1,Supermarkets/Grocery Stores,1263 Leavenworth St,94109,10.68503357,,812,2051,
Pasquale's,Restaurants,700 Irving Street,94122,La Fonda,Restaurants,712 Irving Street,94122,10.73207714,,1227,1253,
Ma's Dim Sum & Cafe,Restaurants,1311 Powell Street,94133,Powell Grocery,Corner Stores/Convenience Stores,1301 Powell Street,94133,10.75755812,,288,2972,
Manzoni,Restaurants,2788 Diamond Street,94131,Win Gardena,Restaurants,2794 Diamond Street,94131,10.77544963,,1332,2812,
Paradise,Restaurants,393 West Portal Avenue,94127,Clay Oven,Restaurants,385 West Portal Avenue,94127,10.78237646,,1038,1329,
La Folie,Restaurants,2310 Polk Street,94109,Split,Restaurants,2300 Polk Street,94109,10.78566439,,191,942,
Tony's Pizza Napoletana,Restaurants,1570 Stockton Street,94133,Tony's Coal Fired Pizza & Slice House,Restaurants,1556 Stockton Street,94133,10.83602087,,1399,2404,
Corner Store,Corner Stores/Convenience Stores,150 Holloway Ave,94112,Holloway Market Llc,Corner Stores/Convenience Stores,150 Holloway Ave,94112,10.83972645,x,732,2175,
La Oaxaqueña,Restaurants,2128 Mission St,94110,Mission Grocery And Liquor,Corner Stores/Convenience Stores,2130 Mission St,94110,10.86417296,,291,2045,
Shabu House,Restaurants,354 Clement Street,94118,King’s Thai Cuisine #2,Restaurants,346 Clement Street,94118,10.86423582,,2838,2844,
Ti Piacera,Restaurants,1507 Polk Street,94109,Nara Sushi,Restaurants,1515 Polk Street,94109,10.90599687,,2489,1059,
Cha Cha Cha,Restaurants,2327 Mission Street,94110,Specchio,Restaurants,2331 Mission Street,94110,10.91398131,,1564,2523,
Golden Gate,Restaurants,39 Pier #117,94133,Mangos,Restaurants,Pier 39  Space 255,94133,10.96572218,,348,350,
Craw Station,Restaurants,1336 9th Avenue,94122,Baiano Pizzeria,Restaurants,1330 9th Avenue,94122,10.96703382,,1363,1362,
Nan King Road Bistro,Restaurants,1360 9th Avenue,94122,Man Hing Market,International Grocery Stores,1368 9th Avenue,94122,10.96763664,,1380,2274,
Gyro Xpress,Restaurants (Fast Food),4096 18th Street,94114,La Tortilla,Restaurants,495 Castro Street,94114,11.00573883,,617,1182,
Mizutani,Restaurants,4408 California Street,94118,Park Presidio LIquors,Corner Stores/Convenience Stores,189 6th Avenue,94118,11.00589976,,472,745,
Chennai Kings,Restaurants,418 Beach St,94133,Darren's Cafe,Restaurants,418 Beach Street,94133,11.00877274,,421,422,
Super Duper Burgers,Restaurants (Fast Food),346 Kearny Street,94108,Ramen Underground,Restaurants,356 Kearny Street,94108,11.01114997,,1729,1512,
Allstars Donuts & Burgers,Restaurants (Fast Food),240 Golden Gate Ave,94142,Taj Pizza,Restaurants (Fast Food),276 Golden Gate Avenue,94102,11.0137441,,632,636,
Elsy's,Restaurants,2899 Mission St,94110,La Taqueria,Restaurants,2889 Mission Street,94110,11.02627143,,244,1289,
Pizza Squared,Restaurants,885 Brannan Street,94103,El Pipla,Restaurants,879 Brannan Street,94103,11.0324528,,2779,2780,
Baonecci,Restaurants,510 Green St,94133,Sodini's,Restaurants,1401 Grant Ave,94133,11.05717967,,366,364,
Citrus Club,Restaurants,1790 Haight Street,94117,Happy Donuts,Restaurants (Fast Food),1794-A Haight Street,94117,11.10959033,,2644,2918,
Smile House Cafe,Restaurants,1030 Taraval Street,94116,Shandong Deluxe,Restaurants,1042 Taraval Street,94116,11.13939838,,1336,1337,
Chaat Cafe Express,Restaurants,50 Post St,94104,Crocker Galleria Farmers Market,Farmers Markets,50 Post St,94108,11.15411862,BOTH CLOSED new restrauran Shlap Muan (cambodian),218,2094,
Mau,Restaurants,665 Valencia St,94110,Curry Up Now,Restaurants,659 Valencia Street,94110,11.1611198,,10,961,
Slice House by Tony Gemignani,Restaurants (Fast Food),1355 Market St,94103,The Market,Supermarkets/Grocery Stores,1355 Market St,94103,11.26099553,x,612,809,
Friends with Benedicts,Restaurants,1433 Polk Street,94109,Bamboo,Restaurants,1441 Polk Street,94109,11.29795483,,2491,2492,
Quince,Restaurants,900 Montgomery Street,94133,Cotogna,Restaurants,490 Pacific Avenue,94133,11.32232112,,185,1084,
Pho Vietnam,Restaurants,1414 Polk Street,94109,Darbar,Restaurants,1418 Polk St,94109,11.37667016,,70,71,
Hong Kong Clay Pot Restaurant,Restaurants,620 Grant Avenue,94108,New Woey Loy Goey,Restaurants,699 Jackson Street,94108,11.38600063,,1288,2671,
Axum Cafe,Restaurants,698 Haight Street,94117,Sunrise Grocery,International Grocery Stores,684 Haight Street,94117,11.40616297,,1039,2960,
Mansung Market Inc,International Grocery Stores,1116 Grant Ave,94133,May Sun Market LLC,International Grocery Stores,1101 Grant Ave,94133,11.40942492,,1903,1982,
Zorro taqueria,Restaurants,300 Columbus Avenue,94133,Columbus Pizza,Restaurants (Fast Food),310 Columbus Ave,94133,11.43297474,,157,627,
Sushi & Oyster Bar,Restaurants (Fast Food),680 2nd St,94103,Taco Bar,Restaurants (Fast Food),1355 Market St,94103,11.46536578,,614,615,
X-Press Market,Corner Stores/Convenience Stores,501 Jones St,94102,Dottie’s True Blue Cafe,Restaurants,CA. 94102 Jones Street,94102,11.49800436,,705,2803,
Royal Liquors and Wine,Liquor Stores,1400 Polk Street,94109,Pho Vietnam,Restaurants,1414 Polk Street,94109,11.49847414,,3009,70,
Tacos Club,Restaurants,2324 Market Street,94114,Super Duper Burgers,Restaurants (Fast Food),2304 Market Street,94114,11.5001123,,336,2904,
Kitchen Istanbul,Restaurants,349 Clement Street,94118,Koja Kitchen,Restaurants,343 Clement Street,94118,11.5170797,,2555,2843,
CASA LUCAS MARKET,International Grocery Stores,2934 24th St,94110,Lo-cost Meat Market 2,Supermarkets/Grocery Stores,2918 24th St,94110,11.52131949,,1909,2075,
CVS 10188,Drug Stores,499 Haight St,94117,HAIGHT & FILLMORE WHOLE FOODS,Corner Stores/Convenience Stores,503 Haight St,94117,11.64599651,,1755,1817,
Walgreens 1054,Drug Stores,3398 Mission St,94110,7 Eleven Store 2366-39475B,Corner Stores/Convenience Stores,3400 Mission St,94110,11.7339393,,1783,1865,
sQwers,Restaurants,3015 Geary Boulevard,94118,Sunny Market,Corner Stores/Convenience Stores,3001 Geary Boulevard,94118,11.7482646,,2833,2989,
SAFEWAY  1206,Supermarkets/Grocery Stores,350 Bay St,94133,Walgreens,Drug Stores,320 Bay and Powell,94133,11.76298163,,1830,2295,
Spiazzo,Restaurants,33 West Portal Avenue,94127,Eezy Freezy,Corner Stores/Convenience Stores,25 West Portal Avenue,94127,11.77805883,,1333,2273,
The Stinking Rose,Restaurants,325 Columbus Ave,94133,The Baked Bear,Restaurants,311 Columbus Avenue,94133,11.86729789,,188,476,
Extreme Pizza,Restaurants (Fast Food),1062 Folsom Street,94103,Deli Board,Restaurants,1058 Folsom Street,94103,11.88648681,,1692,2559,
Sunday Bird,Restaurants (Fast Food),1522 Fillmore Street,94115,Wise Sons Bagel & Bakery,Restaurants (Fast Food),1520 Fillmore Street,94115,11.90428607,,1743,1744,
Peninsula Sea Food Restaurant,Restaurants,641 Jackson St,94108,Great Eastern Restaurant,Restaurants,649 Jackson Street,94108,11.91785953,,440,2612,
Goat Hill Pizza,Restaurants,170 West Portal Avenue,94127,Toast Eatery,Restaurants,160 West Portal Avenue,94127,11.9416507,,2584,1036,
Metro Cafe,Restaurants (Fast Food),247 Fillmore Street,94117,Iza Ramen,Restaurants,237 Fillmore Street,94117,11.94990623,,2895,1421,
La Traviata,Restaurants,2854 Mission Street,94110,KING'S BAKERY,International Grocery Stores,2846 Mission St,94110,12.00625282,,1577,1918,
Louie's Dim Sum Inc.,Restaurants,7 Stark Street,94133,Kin Tat Co.,International Grocery Stores,1252 Stockton Street,94133,12.0321727,,174,714,
Maven,Restaurants,598 Haight Street,94117,Himalaya Plaza,International Grocery Stores, Haight Street,94117,12.04131132,,2514,2961,
Walgreens,Drug Stores,200 Powell St,94102,Walgreens 890,Drug Stores,135 Powell St,94102,12.05813484,,752,1765,
Papalote,Restaurants,1769 Fulton Street,94117,Jannah,Restaurants,1775 Fulton Street,94117,12.088844,,153,1148,
El Majahual,Restaurants,1142 Valencia Street,94110,Zaytoon,Restaurants,1136 Valencia Street,94110,12.09209032,,2637,2638,
Namu Stonepot,Restaurants (Fast Food),551 Divisadero St,94117,Club Waziema,Restaurants,543 Divisadero Street,94117,12.10546357,,654,1239,
Manna Korean Cuisine,Restaurants,845 Irving Street,94122,Sushi Kazu,Restaurants,841 Irving Street,94122,12.11391546,,1361,1371,
Rosamunde Sausage Grill,Restaurants,2832 Mission Street,94110,Taqueria San José,Restaurants,2830 Mission Street,94110,12.12093066,,1070,2602,
Tadich Grill,Restaurants,252 California Street,94111,Perbacco,Restaurants,230 California St Ste 400,94111,12.13204462,,121,395,
Tacolicious,Restaurants,1548 Stockton Street,94133,Tony's Coal Fired Pizza & Slice House,Restaurants,1556 Stockton Street,94133,12.18648748,,1398,2404,
Luke’s Lobster,Restaurants,92 2nd Street,94105,Archive Bar & Kitchen,Restaurants,602 Mission Street,94105,12.19524998,,1083,1565,
Mosto,Restaurants,727 Valencia St,94110,Tacolicious,Restaurants,741 Valencia Street,94114,12.2039553,,469,1541,
JW & I Market,International Grocery Stores,1401 Stockton St,94133,"Northern Herbs, Inc.",International Grocery Stores,1418 Stockton St,94133,12.25103541,,1897,2162,
Yuet Lee Seafood Restaurant,Restaurants,1304 Stockton Street,94133,Pang Kee Bargain Market,International Grocery Stores,1310 Stockton Street,94133,12.30085393,,172,803,
Yangtze Market,International Grocery Stores,2026 Mission St,94110,Western Donut Chinese Food,Restaurants,2024 Mission Street,94110,12.31488907,,1893,304,
Molinari Delicatessen,Restaurants,2 Kenneth Rexroth Place,94133,Mona Lisa,Restaurants,355 Columbus Avenue,94133,12.31661393,,100,186,
Best Food,Corner Stores/Convenience Stores,1262 Stockton Street,94133,Kin Tat Co.,International Grocery Stores,1252 Stockton Street,94133,12.32727077,,706,714,
Greek Town,Restaurants,88 2nd Street,94105,Luke’s Lobster,Restaurants,92 2nd Street,94105,12.32895818,,1106,1083,
Wayfare Tavern,Restaurants,558 Sacramento Street,94111,Leo's Oyster Bar,Restaurants,568 Sacramento Street,94111,12.36960466,,1007,1479,
Walgreens 1241,Drug Stores,1201 Taraval St,94116,Good Luck Market,International Grocery Stores,1215 Taraval St,94116,12.39960896,,1780,1883,
Urban Picnic,Restaurants,133 Kearny St,94108,Walgreens 03383,Drug Stores,141 Kearny St,94108,12.4016938,,451,1787,
Sushi Hunter,Restaurants,1701 Powell St,94133,Washington Square Bar & Grill,Restaurants,1707 Powell Street,94133,12.42532322,,415,2424,
Amakwele's South African Cuisine,Restaurants,101 Spear St,94105,Arabi,Restaurants,101 Spear St,94105,12.4299606,BOTH CLOSED now Yank Sing (chinese restaurant),255,256,
Bombay Bazaar,International Grocery Stores,548 Valencia St,94110,Puerto Allegre,Restaurants,546 Valencia Street,94110,12.4425326,,2305,2439,
Pizza Hacker,Restaurants,3299 Mission Street,94110,Fumi Curry & Ramen,Restaurants,3303 Mission Street,94110,12.45675958,,1234,2684,
Franchino,Restaurants,331 Columbus Avenue,94133,Mona Lisa,Restaurants,355 Columbus Avenue,94133,12.48611564,,99,186,
Pharmaca,Drug Stores,925 Cole Street,94117,Zazie,Restaurants,941 Cole Street,94117,12.49190418,,2301,1412,
Green Earth,Supermarkets/Grocery Stores,860 Divisadero St,94117,Transfer Market,Corner Stores/Convenience Stores,861 Divisadero St,94117,12.51260761,,1913,2000,
Tokyo Express: Teriyaki House,Restaurants,656 Sacramento Street,94111,Vanda Siam,Restaurants,668 Sacramento Street,94111,12.54543399,,382,383,
Sushi Boat Restaurant,Restaurants,700 Grant Avenue,94108,Kan's,Restaurants,718 Grant Avenue,94108,12.56905235,,2860,528,
Lao Table,Restaurants,149 2nd Street,94105,Jersey,Restaurants,145 2nd Street,94105,12.57105619,,1082,1104,
T&l Market,International Grocery Stores,339 Clement St,94118,Koja Kitchen,Restaurants,343 Clement Street,94118,12.60897113,,1922,2843,
Chez Julien,Restaurants,100 Bush St Ste 1250,94104,Noah's Bagels,Restaurants (Fast Food),100 Bush St Ste 102,94104,12.61168952,x,458,579,x
What The Cluck,Restaurants (Fast Food),1782 Haight Street,94117,Citrus Club,Restaurants,1790 Haight Street,94117,12.63055505,,2885,2644,
"Golden Natural Foods, Inc.",Supermarkets/Grocery Stores,130 Church St,94114,El Castillito,Restaurants (Fast Food),136 Church Street,94114,12.67875041,,2032,2902,
Taqueria Cancun,Restaurants,2288 Mission Street,94110,Mission Street Oyster Bar,Restaurants,2282 Mission Street,94110,12.70745672,,1220,2649,
Wendy And Moon Grocery,Corner Stores/Convenience Stores,1321A Powell St,94133,Ma's Dim Sum & Cafe,Restaurants,1311 Powell Street,94133,12.71324854,,2157,288,
Mi Tierra Foods Inc,International Grocery Stores,2023 Mission St,94110,Mi Tierra Produce,International Grocery Stores,2017 Mission St,94110,12.74649747,,1900,820,
Mi Familia Taqueria,Restaurants,1797 Haight Street,94117,Ginza,Restaurants,1793 Haight Street,94117,12.74955476,,2719,2835,
The Hook,Restaurants,Pier 39,94133,Golden Gate,Restaurants,39 Pier #117,94133,12.75345244,,349,348,
Five Markets,Supermarkets/Grocery Stores,2824 24th St,94110,Samy's Liquor,Liquor Stores,2847 24th St,94110,12.80167069,,1912,2133,
Hyde & O'Farrell Market Inc,Corner Stores/Convenience Stores,701 Ofarrell St,94109,Los Colores Taqueria,Restaurants (Fast Food),709 O'Farrell Street,94109,12.81963541,,2087,2911,
Heyday,Restaurants,188 Spear St,94105,Lee's Deli,Restaurants,170 Spear Street,94105,12.83619803,,238,1161,
Manivanh Thai Restaurant,Restaurants,2732 24th Street,94110,Dagwood & Scoops,Restaurants,2736 24th Street,94110,12.84139308,,1582,1583,
Burger King,Restaurants (Fast Food),1200 Market Street,94102,What's Up Dog!,Restaurants (Fast Food),1210 Market Street,94102,12.89206802,,2882,2906,
New Sun Hong Kong Restaurant,Restaurants,606 Broadway Street,94133,Sam's,Restaurants (Fast Food),616 Broadway,94133,12.89754593,,1169,628,
Wiley's Liqour,Liquor Stores,1015 Ocean Ave,94112,Food Mart,Corner Stores/Convenience Stores,1015 Ocean Avenue,94112,12.89902649,x,2161,2976,x
Broadway Dim Sum and Cafe,Restaurants,678 Broadway,94133,Yuet Lee Seafood Restaurant,Restaurants,1304 Stockton Street,94133,12.95320963,,177,172,
Mijita Cocina Mexicana,Restaurants,Ferry Building,94111,Delica,Restaurants (Fast Food),Ferry Building,94111,12.95847339,food court,24,548,
Olive Garden,Restaurants,3521 20th Avenue,94132,Marugame Udon,Restaurants (Fast Food),3251 20th Avenue,94132,12.95936667,food court,1473,2937,
Wise Sons Bagel & Bakery,Restaurants (Fast Food),1520 Fillmore Street,94115,Subway,Restaurants (Fast Food),1500 Fillmore Street,94115,13.00320639,,1744,1745,
Marnee Thai,Restaurants,2225 Irving Street,94122,2227 Irving Seafood Market Inc,International Grocery Stores,2227 Irving St,94122,13.01261544,x,1455,1928,x
Hog Island Oyster Company,Restaurants,1 Ferry Bldg #11,94111,Ferry Plaza Seafood,Restaurants,1 Ferry Bldg #11,94111,13.02344601,,27,227,
Chouchou,Restaurants,400 Dewey Boulevard,94116,Yogi Sushi House,Restaurants,406 Dewey Boulevard,94116,13.03067402,,2526,1098,
Tower Burger,Restaurants,729 Portola Drive,94127,Round Table Pizza,Restaurants,737 Portola Drive,94127,13.06293185,,957,1232,
Royal Indian Cuisine,Restaurants,1740 Fillmore Street,94115,Extreme Pizza,Restaurants (Fast Food),1730 Fillmore Street,94115,13.10704262,,1607,2931,
Loving Hut Vegan Cuisine,Restaurants,524 Irving Street,94122,Bussaba,Restaurants,534 Irving Street,94122,13.15404754,,971,1377,
Other Avenues Community FD Store,Supermarkets/Grocery Stores,3930 Judah St,94122,Beach Burrito,Restaurants,3914 Judah St,94122,13.15502768,,2050,202,
Kezar Bar & Restaurant,Restaurants,900 Cole Street,94117,Val de Cole Wines and Spirits,Liquor Stores,906 Cole Street,94117,13.17970448,,1407,2318,
Golden Market,Liquor Stores,2899 Mission St,94110,Elsy's,Restaurants,2899 Mission St,94110,13.18255638,x,2074,244,
Noodle and BBQ,Restaurants,335 Jones St,94102,Ez Dollars,Supermarkets/Grocery Stores,335 Jones St,94102,13.19913406,BOTH CLOSED,465,2232,
KING'S BAKERY,International Grocery Stores,2846 Mission St,94110,La Loma Produce 8,International Grocery Stores,2840 Mission St,94110,13.215098,,1918,2071,
City Team Ministries,Food Banks/Pantries,164 6th Street,95112,City Produce Market,Supermarkets/Grocery Stores,174 6th St,94103,13.23138977,,830,2229,
Capital Restaurant,Restaurants,839 Clay Street,94108,Spicy King,Restaurants, Waverly Place,94108,13.28453646,,2718,2774,
Micado,Restaurants,2126 Irving Street,94122,Irving Seafood Market,International Grocery Stores,2130 Irving St,94122,13.28626201,,1430,1957,
Luigi's Pizzeria,Restaurants,Pier 39,94133,Bliss,Restaurants,Pier 39 Ste. K01,94133,13.29456222,,220,353,
Patxi's Chicago Pizza,Restaurants,822 Irving Street,94122,828 IRVING MARKET,Corner Stores/Convenience Stores,828 Irving St,94122,13.36448074,,1024,2006,
Kippu,Restaurants,1721 Buchanan Street,94115,Kimochi,Restaurants,1739 Buchanan Street,94115,13.42383423,,159,158,
New York Tobacco,Corner Stores/Convenience Stores,29 Grove St,94102,Gyro King,Restaurants,25 Grove Street,94102,13.4422843,,1955,2663,
Western Donut Chinese Food,Restaurants,2024 Mission Street,94110,Vallartas Taco Bar,Restaurants,2022 Mission St,94110,13.45136437,,304,303,
San Tung,Restaurants,1031 Irving Street,94122,San Tung #2,Restaurants,1033 Irving Street,94122,13.46708281,,976,1393,
Woori Food Market,International Grocery Stores,1528 Fillmore Street,94115,Wise Sons Bagel & Bakery,Restaurants (Fast Food),1520 Fillmore Street,94115,13.47990791,,2356,1744,
Que Huong Vietnamese Deli,Restaurants,2138 Irving Street,94122,Irving Seafood Market,International Grocery Stores,2130 Irving St,94122,13.48455092,,1432,1957,
West of Pecos,Restaurants,560 Valencia St,94110,Bombay Bazaar,International Grocery Stores,548 Valencia St,94110,13.49241687,,510,2305,
Valencia Farmers Market,Supermarkets/Grocery Stores,1299 Valencia Street,94110,Big Mouth Burgers & Beers,Restaurants,3392 24th Street,94110,13.51863735,,3029,2573,
Bun mee,Restaurants,660 Market St Ste 223,94104,Ginto,Restaurants,660 Market St,94104,13.52687418,,322,457,
Mission Pie,Restaurants,2901 Mission Street,94110,Casa Guadalupe,International Grocery Stores,2909 Mission Street,94110,13.55398779,,1074,3028,
Steins,Restaurants,731 Clement Street,94118,Walgreens 3849,Drug Stores,745 Clement St,94118,13.56805436,,1625,1809,
Round Table Pizza,Restaurants,3567 Geary Boulevard,94118,Grand Hot Pot Lounge,Restaurants,3565 Geary Boulevard,94118,13.58659583,,17,982,
Souvla,Restaurants,531 Divisadero Street,94117,Club Waziema,Restaurants,543 Divisadero Street,94117,13.67055816,,2736,1239,
Cafe Bakery & Restaurant,Restaurants,1345 Noriega Street,94122,Peking Restaurant,Restaurants,1375 Noriega Street,94122,13.6896643,,1490,1491,
Little Beijing,Restaurants,1316 Noriega Street,94122,The Crew,Restaurants,1330 Noriega Street,94122,13.71279948,,1488,1493,
Tikka Masala,Restaurants,415 Ellis Street,94102,U S Smoke Shop,Corner Stores/Convenience Stores,411 Ellis Street,94102,13.74759001,,467,744,
Fu Yuan Food Market,International Grocery Stores,1251 Stockton St,94133,Hing Lung Co,Restaurants,1261 Stockton St,94133,13.80063476,,1875,283,
Chavita's Mexican Restaurant,Restaurants,3006 Mission Street,94110,Stop & Shop Market,Corner Stores/Convenience Stores,3000 Mission St,94110,13.82383112,,1578,1991,
Jamba Juice,Restaurants (Fast Food),1300 9th Avenue,94122,Art's Cafe,Restaurants,747 Irving Street,94122,13.83013611,,1708,1150,
7-Eleven 33429A,Corner Stores/Convenience Stores,43 Drumm St,94111,Walgreens,Drug Stores,33 Drumm Street,94111,13.86431481,,1867,2997,
Chiaroscuro,Restaurants,550 Washington Street,94111,Aventine,Restaurants,582 Washington Street,94111,13.86696459,,2688,2689,
S & B Supermarket,International Grocery Stores,2203 Irving St,94122,Mei Shen Ginseng Corporation,International Grocery Stores,2206 Irving St,94122,13.87373056,,1879,1990,
The Grove,Restaurants,301 Hayes Street,94102,Nojo Ramen Tavern,Restaurants,231 Franklin Street,94102,13.90124017,,226,2781,
Sam's Diner,Restaurants,1220 Market Street,94102,Gyro King,Restaurants,25 Grove Street,94102,13.91216967,,939,2663,
Ayola,Restaurants,122 New Montgomery St,94105,Chipotle,Restaurants (Fast Food),126 New Montgomery Street,94104,13.92232503,,115,1695,
Jarin Thia Cuisine,Restaurants,807 Ellis Street,94109,Subway,Restaurants (Fast Food),753 Polk Street,94109,13.93880539,,38,2892,
Baladie,Restaurants,327 Kearny St,94108,Onigilly,Restaurants,337 Kearny St,94108,14.02470735,,329,327,
Credo,Restaurants,360 Pine Street,94104,Diller's Delicatessan,Restaurants,75 Leidesdorff Street,94104,14.02629067,,448,452,
Princess Cooking,Restaurants,1310 Noriega Street,94122,Little Beijing,Restaurants,1316 Noriega Street,94122,14.03833279,,1492,1488,
Taqueria Can-Cun,Restaurants,1003 Market St,94103,Homeskillet,Restaurants,1001 Market Street,94103,14.03969717,,300,2525,
Mehfil,Restaurants,28 2nd Street,94105,Subway,Restaurants (Fast Food),30 2nd Street,94105,14.07748045,,2362,2884,
Los Panchos,Restaurants,3206 Mission Street,94110,Lotus Garden,Restaurants,3202 Mission Street,94110,14.08754264,,1480,306,
CVS/pharmacy 10035,Drug Stores,581 Market St,94105,Amazon Go - 575 Market St,Supermarkets/Grocery Stores,575 Market St,94105,14.17533457,,1753,2153,
HAIGHT STREET MARKET INC,Supermarkets/Grocery Stores,1530 Haight St,94117,Slice House,Restaurants (Fast Food),1535 Haight Street,94117,14.20618933,,2041,2942,
Cathay Express Restaurant,Restaurants,720 14th Street,94114,Jasmine Garden,Restaurants,718 14th St,94114,14.20873599,,2646,276,
Popeyes,Restaurants (Fast Food),599 Divisadero Street,94117,Namu Stonepot,Restaurants (Fast Food),551 Divisadero St,94117,14.21768262,,593,654,
Crazy Pepper,Restaurants,2257 San Jose Avenue,94112,Turo Cafe and Grill,Restaurants,2275 San Jose Avenue,94112,14.21984162,,1653,2777,
Silk Road,Restaurants (Fast Food),3251 20th Ave,94132,Poke Bowl,Restaurants (Fast Food),3251 20th Ave,94132,14.26616855,food court,688,689,
Dakhaz Inc 1,International Grocery Stores,5601 Geary Blvd,94121,Mainland Market Co.,Corner Stores/Convenience Stores,5601 Geary Boulevard,94121,14.30083647,x,2025,2987,x
Bangkok Express,Restaurants,333 Bush St,94104,Bistro Burger,Restaurants,333 Bush St,94104,14.30116422,,139,140,
Dunya,Restaurants,1621 Polk St,94109,Toast eatery,Restaurants,1601 Polk Street,94109,14.3256043,,73,1314,
Arinell Pizza,Restaurants,509 Valencia Street,94110,Taqueria La Cumbre,Restaurants,515 Valencia Street,94110,14.35439571,,1198,1547,
Polkers,Restaurants,2226 Polk Street,94109,Polk Street Market,Corner Stores/Convenience Stores,2222 Polk Street,94109,14.36027918,,1471,2245,
Walgreens 01109,Drug Stores,5260 Diamond Heights Blvd,94131,SAFEWAY  667,Supermarkets/Grocery Stores,5290 Diamond Heights Blvd,94131,14.40581117,,1798,1833,
B&M Mei Sing Restaurant,Restaurants,62 Second Street,94105,Sunrise Deli,Restaurants,54 Second Street,94105,14.40635957,,105,130,
House of Sushi Teriyaki & Tempura,Restaurants,2155 Polk St,94109,Street,Restaurants,2139 Polk St,94109,14.43134761,,512,513,
The Yellow Submarine,Restaurants,503 Irving Street,94122,Lavash,Restaurants,511 Irving Street,94122,14.44565489,,970,1010,
iTea,Restaurants (Fast Food),2150 Irving Street,94122,Que Huong Vietnamese Deli,Restaurants,2138 Irving Street,94122,14.45086776,,1726,1432,
Tropisueño,Restaurants,75 Yerba Buena Lane,94103,Mixt,Restaurants,51 Yerba Buena Lane,94103,14.51869479,,2550,2811,
Genki Crepes & Mini Mart,Corner Stores/Convenience Stores,330 Clement Street,94118,China First,Restaurants,336 Clement Street,94118,14.53564776,,2255,2839,
Dim Sum Bistro,Restaurants,671 Broadway,94133,Yummy BBQ Kitchen,Restaurants,681 Broadway,94133,14.54859559,,175,173,
Commonwealth,Restaurants,2224 Mission Street,94110,Mission Chinese Food,Restaurants,2234 Mission Street,94110,14.56330482,,2695,1088,
Howard's Cafe,Restaurants,1309 9th Avenue,94122,Soi Gow Thai Noodle Cafe,Restaurants,1319 9th Avenue,94122,14.56727898,,1312,1369,
Venus Cafe,Restaurants,700 Clement Street,94118,Heritage Restaurant & Bar,Restaurants,708 Clement Street,94118,14.57166259,,1624,2386,
Western Sunset Market,Corner Stores/Convenience Stores,4099 Judah Street,94122,Woods Outbound,Restaurants,4045 Judah Street,94122,14.57684846,,2983,2790,
Bow-K Liquor,Liquor Stores,700 4th St,94107,Subway #30196,Restaurants (Fast Food),700 4th Street,94107,14.60197401,,780,1701,
Subway,Restaurants (Fast Food),125 Ellis St,94102,Puccini & Pinetti,Restaurants,129 Ellis St,94102,14.65005356,,556,58,
Kama Sushi,Restaurants,294 9th Street,94103,DIANA MKT 2,Liquor Stores,282 9th St,94103,14.70663561,,1135,2203,
City Discount Meat & Grocery Market,International Grocery Stores,2298 Mission St,94110,Taqueria Cancun,Restaurants,2288 Mission Street,94110,14.70793871,,1962,1220,
"MI PUEBLITO MARKET, LLC 1",International Grocery Stores,2765 Mission St,94110,Red Balloon,Restaurants,2763 Mission Street,94110,14.72159916,,1973,2737,
La Scene,Restaurants,486 Geary Street,94102,David's Delicatessen,Restaurants,474 Geary Street,94102,14.73803801,,54,1051,
Vegiland Market Inc 1,International Grocery Stores,1055 Stockton St,94108,Gourmet Delight B.B.Q.,Restaurants,1045 Stockton Street,94108,14.74870182,,2135,2696,
Rincón Nayarit,Restaurants,1500 South Van Ness Avenue,94110,Vic's Convenient Store,Corner Stores/Convenience Stores,3300 26th St,94110,14.78133758,,1557,2083,
La Mission Market,International Grocery Stores,2097 Mission St,94110,La Canasta Produce,International Grocery Stores,2097 Mission St,94110,14.78763386,x,821,1890,
Boiling,Restaurants,5512 Geary Boulevard,94121,Jijime,Restaurants,5524 Geary Boulevard,94121,14.82248936,,2821,2820,
Noah's Bagels,Restaurants (Fast Food),100 Bush St Ste 102,94104,Happy Donuts,Restaurants (Fast Food),100 Bush Street,94104,14.85046301,,579,649,
Market Bar,Restaurants,Ferry Building Famer's Market,94111,Buyer's Best Friend Wholesale & Market,Supermarkets/Grocery Stores,1 Ferry Plaza,94111,14.87087707,,25,2350,
Inga Donuts,Restaurants,1018 Hyde Street,94109,Nob Hill Liquor,Liquor Stores,1000 Hyde St,94109,14.88991976,,436,2123,
Ploy II,Restaurants,1770 Haight Street,94117,What The Cluck,Restaurants (Fast Food),1782 Haight Street,94117,14.90446415,,2643,2885,
Bursa,Restaurants,60 West Portal Avenue,94127,El Toreador,Restaurants,50 West Portal Avenue,94127,14.91052203,,1325,1327,
Za Pizza,Restaurants,1915 Hyde Street,94109,Frascati,Restaurants,1901 Hyde Street,94109,14.93915897,,122,2634,
Fondue Cowboy,Restaurants,1052 Folsom Street,94103,Deli Board,Restaurants,1058 Folsom Street,94103,14.94511663,,1053,2559,
Castro Republic,Restaurants, Market Street,94114,Harvest Market,Corner Stores/Convenience Stores,2285 Market Street,94114,14.96638906,,1230,2253,
