name_possible_match,category_possible_match,street_address_possible_match,zip_code_possible_match,name_snap_wic,category_snap_wic,street_address_snap_wic,zip_code_snap_wic,distance,snap_wic_index,possible_match_index,is_match,new_category,closed_possible_match,closed_snap_wic,duplicate_snap_wic
Natural Foods,Supermarkets, ,,The Nature Stop,Stores that Accept SNAP/WIC,1336 Grant Ave,94133,12.11497297,1,362,x,supermarket,,,
Jonells,Liquor Stores, ,,Young Ellis Produce,Stores that Accept SNAP/WIC,396 Ellis St,94102,32.80113588,2,288,,corner store,x,,
Mike's Discount Liquors,Liquor Stores, ,,Mission Martco 356457,Stores that Accept SNAP/WIC,5098 Mission St,94112,29.73993064,3,243,,corner store,,,
Casa Guadalupe,International Grocery Stores,2909 Mission Street,,La Loma Produce 8,Stores that Accept SNAP/WIC,2840 Mission St,94110,119.9371747,4,332,,International Grocery Stores,,,
Victoria Liquor & Groceries,Liquor Stores,201;207 Gough Street,,Nick's Food,Stores that Accept SNAP/WIC,1659 Market St,94103,236.1312291,5,224,,Liquor Store,,,
Mollie Stone's,Supermarkets, ,,Mollie Stones Market 9,Stores that Accept SNAP/WIC,4201 18th St,94114,18.02741296,6,324,x,Supermarket,,,
Casa Guadalupe,International Grocery Stores,2909 Mission Street,,Golden Market,Stores that Accept SNAP/WIC,2899 Mission St,94110,39.00866875,7,332,,Liquor Store,,,
Casa Lucas,International Grocery Stores,2934 24th St,94110,Lo-cost Meat Market 2,Stores that Accept SNAP/WIC,2918 24th St,94110,46.41008886,8,205,,Supermarket,,,
Roxie Food Center,Corner Stores,1901 San Jose Avenue,94112,Kwik & Convenient,Stores that Accept SNAP/WIC,600 Monterey Blvd,94127,862.54764,9,141,,corner store,,,
Mi Pueblito Market,International Grocery Stores,2765 Mission Street,,"Fresh Meat Market, Inc 1",Stores that Accept SNAP/WIC,2704 Mission St,94110,97.32438048,10,351,,Supermarket,,,
Stardust Market,Corner Stores,3801 Geary Boulevard,94118,Chevron 1768,Stores that Accept SNAP/WIC,3675 Geary Blvd,94118,146.1482702,11,168,,corner store,,,
Food and Liquor World,Liquor Stores,728 Post Street,94109,ROUND THE CLOCK,Stores that Accept SNAP/WIC,1001 Bush St,94109,190.1903982,12,222,,Supermarket,,,
Jonells,Liquor Stores, ,,Starlight Market,Stores that Accept SNAP/WIC,402 Ellis St,94102,17.67870973,13,288,,corner store,x,,
Tierra Santa Market,Corner Stores,2890 San Bruno Ave,94134,Art's Valero,Stores that Accept SNAP/WIC,2985 San Bruno Ave,94134,145.347878,14,34,,corner store,,,
Aguila de Oro,International Grocery Stores, ,,Saabis Groceries,Stores that Accept SNAP/WIC,1599 Revere Ave,94124,203.5485044,15,366,,corner store,x,,
Food Mart,Corner Stores, ,,H & M Food Mart,Stores that Accept SNAP/WIC,2400 San Bruno Ave,94134,39.72996885,16,35,x,corner store,,,x
Casa Guadalupe,International Grocery Stores, ,,Vic's Convenient Store,Stores that Accept SNAP/WIC,3300 26th St,94110,160.7409306,17,333,,corner store,,,
Woerners,Liquor Stores, ,,Green Apple Market,Stores that Accept SNAP/WIC,1042 Polk St,94109,135.6781048,18,287,,supermarket,,,
Dair's Pine-Taylor Market,Corner Stores,996 Pine Street,94108,Pine&jones Market,Stores that Accept SNAP/WIC,1100 Pine St,94109,173.7699475,19,78,x,Liquor Store,,,
Lowell Market,Corner Stores, ,,BROTHER'S MARKET,Stores that Accept SNAP/WIC,5501 Mission St,94112,336.875692,20,170,,Liquor Store,,,
Serw-Well,Liquor Stores, ,,Hyde & O'Farrell Market Inc,Stores that Accept SNAP/WIC,701 Ofarrell St,94109,121.7484244,21,286,,corner store,x,,
Crown Market Liquor,Liquor Stores,712 Geary Street,,Geary Hyde Market,Stores that Accept SNAP/WIC,798 Geary St,94109,110.7539528,22,296,,corner store,,,
Tierra Santa Market,Corner Stores, ,,Foothill Market,Stores that Accept SNAP/WIC,3004 San Bruno Ave,94134,179.6191429,23,34,,Liquor Store,,,
H Mart,International Grocery Stores,3995 Alemany Boulevard,,NORMAN'S LIQUOR,Stores that Accept SNAP/WIC,733 Randolph St,94132,444.0685334,24,361,,Liquor Store,,,
Casa Lucas,International Grocery Stores, ,,Jupiter Market,Stores that Accept SNAP/WIC,4567 Mission St,94112,25.19661721,25,369,,Liquor Store,,,
Right Way,Supermarkets, ,,El Jubani,Stores that Accept SNAP/WIC,596 Ofarrell St,94102,12.52745879,26,355,,x,x,x,
Battambang,International Grocery Stores,339 Eddy St,94102,G & H Liquors & Grocery,Stores that Accept SNAP/WIC,201 Jones St,94102,111.0048835,27,209,,Liquor Store,,,
Cable Car,Liquor Stores,841 Clement Street,94118,Clement Street Farmers Mkt/Ag Institure of Marin,Stores that Accept SNAP/WIC,Clement St,94118,62.39701364,28,299,,Farmers Market,,,
Spicely,Corner Stores, ,,Crocker Galleria Farmers Market,Stores that Accept SNAP/WIC,50 Post St,94108,135.1821684,29,133,,Farmers Market,x,,
Right Way,Supermarkets, ,,Econo Market,Stores that Accept SNAP/WIC,593 O'Farrell St,94102,37.57775995,30,355,,corner store,x,,
Grocery Outlet,Supermarkets, ,,Geary Grocery Outlet,Stores that Accept SNAP/WIC,6333 Geary Blvd,94121,26.17060312,31,352,x,Supermarket,,,
Sonoma Market,Liquor Stores, ,,Icu Market & Deli Inc,Stores that Accept SNAP/WIC,514 Minna St,94103,118.5037032,32,282,,corner store,,,
New College Hill Market,Corner Stores, ,,Mission Shell 170,Stores that Accept SNAP/WIC,3550 Mission St,94110,464.6143141,33,55,,corner store,,,
Jack's Market,Corner Stores, ,,Jacks Market Inc,Stores that Accept SNAP/WIC,471 3rd St,94107,5.899442277,34,37,x,Liquor Store,,,
Bayview Liquors,Liquor Stores, ,,Palou Market,Stores that Accept SNAP/WIC,4919 3rd St,94124,202.0420212,35,274,,corner store,,,
Food and Liquor World,Liquor Stores,728 Post Street,94109,Em Deli Sf,Stores that Accept SNAP/WIC,714 Post St,94109,27.02356046,36,222,,corner store,,,
Silver Produce,Supermarkets, ,,"Silver Market, Inc",Stores that Accept SNAP/WIC,2501 San Bruno Ave,94134,10.54963251,37,386,x,International Grocery Stores,,,
Woerners,Liquor Stores, ,,Salem Grocery,Stores that Accept SNAP/WIC,920 Geary St,94109,29.68408448,38,287,x,corner store,,,
Local Mission Market,Supermarkets, ,,Serve U Market,Stores that Accept SNAP/WIC,2750 21st St,94110,378.2276971,39,348,,Liquor Store,,,
Central Drug Store,Drug Stores,4494 Mission Street,94112,EXCELSIOR LIQUOR,Stores that Accept SNAP/WIC,4501 Mission St,94112,44.49105796,40,181,,Liquor Store,,,
Shell Food Mart,Corner Stores, 3rd Street,,SF 3rd Street Shell 153,Stores that Accept SNAP/WIC,551 3rd St,94107,48.46075855,41,2,x,corner store,,,
store,Corner Stores, ,,Fishtail Market,Stores that Accept SNAP/WIC,352 Turk St,94102,98.52332613,42,167,,corner store,x,,
Woerners,Liquor Stores, ,,California Produce Market,Stores that Accept SNAP/WIC,986 Polk St,94109,108.4550936,43,287,,supermarket,,,
Tierra Santa Market,Corner Stores, ,,Grocery Outlet Of Visitacion Valley 244,Stores that Accept SNAP/WIC,2630 Bay Shore Blvd,94134,1888.801879,44,34,,supermarket,,,
All States Best Foods,Corner Stores,1607 20th Street,94107,M & W MARKET,Stores that Accept SNAP/WIC,1800 23rd St,94107,558.3769839,45,120,,Liquor Store,,,
Mi Tierra,International Grocery Stores, ,,SMART & FINAL 351,Stores that Accept SNAP/WIC,350 7th Ave,94103,393.2874,46,330,,supermarket,,,
Precita Food Mart,Corner Stores,35 Precita Avenue,94110,Mission Liquor Store,Stores that Accept SNAP/WIC,3168 Mission St,94110,111.2611032,47,6,,Liquor Store,,,
Mi Pueblito Market,International Grocery Stores,2765 Mission Street,,23rd & Mission Produce,Stores that Accept SNAP/WIC,2700 Mission St,94110,97.92557095,48,351,,corner store,,,
Food Mart,Corner Stores, ,,Fresh Start 2,Stores that Accept SNAP/WIC,2400 San Bruno Ave,94134,20.98409592,49,35,x,corner store,,,
Corner Store,Corner Stores, ,,A and N Liquors,Stores that Accept SNAP/WIC,1521 Ocean Ave,94112,399.2227056,50,117,,Liquor Store,,,
Kim Huong,International Grocery Stores, ,,MARYLAND MARKET,Stores that Accept SNAP/WIC,300 Turk St,94102,142.8096059,51,135,,corner store,,,
All States Best Foods,Corner Stores,1607 20th Street,94107,POTRERO TERRACE MARKET,Stores that Accept SNAP/WIC,990 Wisconsin St,94107,563.6704158,52,120,,corner store,,,
Mi Pueblito Market,International Grocery Stores,2765 Mission Street,,SUN FAT SEAFOOD,Stores that Accept SNAP/WIC,2687 Mission St,94110,141.2020951,53,351,,supermarket,,,
Noriega Produce Market,Supermarkets,3821;3845 Noriega Street,,"Noriega Produce, Llc",Stores that Accept SNAP/WIC,3821 Noriega St,94122,0.6374437776,54,364,x,supermarket,,,
Victoria Liquor & Groceries,Liquor Stores,201;207 Gough Street,,NICK'S SUPER MARKET,Stores that Accept SNAP/WIC,144 PAGE STREET,94102,128.871589,55,224,,supermarket,,,
Clay Medical Pharmacy,Drug Stores,929 Clay Street,,Komi Food Company,Stores that Accept SNAP/WIC,898 Stockton St,94108,53.79881453,56,175,,International Grocery Stores,,,
Daldas Market,Supermarkets, ,,Dalda's Community Maarket,Stores that Accept SNAP/WIC,186 Eddy St,94102,35.31928026,57,358,,corner store,,,
Nob Hill Liquors,Liquor Stores, ,,Nob Hill Liquor,Stores that Accept SNAP/WIC,1000 Hyde St,94109,9.875807229,58,289,x,Liquor Store,,,
Healthy Spirits,Corner Stores, ,,Spotlite Market,Stores that Accept SNAP/WIC,298 Guerrero St,94103,248.1011499,59,19,,corner store,,,
Mollie Stone's,Supermarkets,635 Portola Drive,94127,MOLLIE STONE'S Tower Market,Stores that Accept SNAP/WIC,635 Portola Dr,94127,17.49423986,60,320,x,supermarket,,,
Al Rayan Mountain,Liquor Stores,1400 Sutter Street,,USA MARKET,Stores that Accept SNAP/WIC,904 Eddy St,94109,538.7685972,61,247,,corner store,,,
Food and Liquor World,Liquor Stores,728 Post Street,94109,Yogi Food Market 62,Stores that Accept SNAP/WIC,908 Sutter St,94109,144.5450696,62,222,,corner store,,,
H Mart,International Grocery Stores,3995 Alemany Boulevard,,Mikey's Market & Liquor,Stores that Accept SNAP/WIC,295 Orizaba Ave,94132,603.8184754,63,361,,Liquor Store,,,
Loop,Corner Stores,1759 Lincoln Way,94122,Chevron 1539,Stores that Accept SNAP/WIC,1288 19th Ave,94122,158.2864467,64,8,,corner store,,,
J & L Vegi Supermarket,International Grocery Stores,1215 Stockton Street,,"New Louie's, Inc.",Stores that Accept SNAP/WIC,1213 Stockton St,94133,20.09253275,65,347,,n/a,,x,
Frank's Market Liquor,Corner Stores, ,,La Loma 6,Stores that Accept SNAP/WIC,4788 Mission St,94112,52.6960687,66,53,,International Grocery Stores,,,
Rhea's Market & Deli,Corner Stores,800 Valencia Street,,Pay And Save Market ,Stores that Accept SNAP/WIC,599 Guerrero St,94110,271.0400355,67,139,,corner store,,,
--,International Grocery Stores, ,,Jamie Supermarket,Stores that Accept SNAP/WIC,1135 Stockton St,94133,48.33702423,68,106,,corner store,x,,
La Palma Mexicatessen,International Grocery Stores,2884 24th St,94110,Samy's Liquor,Stores that Accept SNAP/WIC,2847 24th St,94110,104.2877688,69,207,,Liquor Store,,,
Foodsco,Supermarkets,345 Williams Avenue,94124,Mikes Market,Stores that Accept SNAP/WIC,2200 Silver Ave,94124,744.5623573,70,311,,Liquor Store,,,
Wellman's HealthMart,Drug Stores,1053 Stockton Street,,Vegiland Market Inc 1,Stores that Accept SNAP/WIC,1055 Stockton St,94108,20.25475044,71,190,,International Grocery Stores,,,
Victoria Liquor & Groceries,Liquor Stores,201;207 Gough Street,,Victoria Liquor and Groceries,Stores that Accept SNAP/WIC,201 Gough St,94102,28.20822949,72,224,x,Liquor Store,,,
N & V Liquor & Grocery,Corner Stores,2702 24th Street,94110,Ricci's Market,Stores that Accept SNAP/WIC,2790 24th St,94110,122.6120494,73,140,,corner store,,,
Casa Maria,International Grocery Stores, ,,Market Day At Bethany Center,Stores that Accept SNAP/WIC,580 Capp St,94110,422.2935945,74,349,,Farmers Market,,,
Mi Tierra,International Grocery Stores, ,,Mi Tierra Supermarket,Stores that Accept SNAP/WIC,1000 Howard St,94103,12.32047623,75,330,x,International Grocery Stores,,,
Mike's Discount Liquors,Liquor Stores, ,,Baby & Mom Nutrition,Stores that Accept SNAP/WIC,4992 Mission St,94112,199.4680717,76,243,,Supermarket,,,
New Princess Market,Corner Stores, ,,Cadillac Grocery,Stores that Accept SNAP/WIC,499 Eddy St,94109,29.36143016,77,129,,corner store,,,
Woerners,Liquor Stores, ,,Mid City Market,Stores that Accept SNAP/WIC,868 Geary St,94109,61.6660308,78,287,,corner store,,,
Quic Qic Groceries,Corner Stores, ,,All Seasons Market,Stores that Accept SNAP/WIC,401 Capp St,94110,309.8505645,79,105,,corner store,x,,
7-Eleven,Corner Stores,195 Pine Street,94111,Amazon Go - 300 California St,Stores that Accept SNAP/WIC,300 California St,94104,138.799912,80,92,,Supermarket,,,
Walgreens,Drug Stores,33 Drumm Street,,Amazon Go - 3 Embarcadero Ctr,Stores that Accept SNAP/WIC,3 Embarcadero Ctr,94111,108.8264736,81,174,,Supermarket,,,
Grocery Outlet,Supermarkets,1245 South Van Ness Avenue,94110,W & K MARKET,Stores that Accept SNAP/WIC,3098 24th St,94110,175.2580323,82,322,,corner store,,,
Lowell Market,Corner Stores, ,,LA LOMA 3,Stores that Accept SNAP/WIC,5652 Mission St,94112,238.7113024,83,170,,International Grocery Stores,,,
Walgreens,Drug Stores, ,,Amazon Go - 98 Post St,Stores that Accept SNAP/WIC,98 Post St,94104,159.9178129,84,191,,supermarket,,,
Walgreens,Drug Stores,1979 Mission Street,,S & M Liquor And Market Inc,Stores that Accept SNAP/WIC,1939 Mission St,94103,67.73793621,85,173,,Liquor Store,,,
Super Save,Supermarkets, ,,SURFSIDE LIQUOR & GROCERY,Stores that Accept SNAP/WIC,950 Innes Ave,94124,1944.971187,86,328,,Liquor Store,,,
Tierra Santa Market,Corner Stores, ,,Leland Market,Stores that Accept SNAP/WIC,65 Leland Ave,94134,1522.512526,87,34,,International Grocery Stores,,,
X-Press Market,Corner Stores, ,,Paradise Coffee & Donuts,Stores that Accept SNAP/WIC,453 Ofarrell St,94102,58.35378497,88,41,,--,,,
Snack & Bottle Shop,Liquor Stores,644 Persia Avenue,94112,Snack And Bottle Shop,Stores that Accept SNAP/WIC,644 Persia Ave,94112,10.57383478,89,294,x,Liquor Store,,,
Spicely,Corner Stores, ,,Amazon Go - 575 Market St,Stores that Accept SNAP/WIC,575 Market St,94105,74.49193437,90,133,,supermarket,,,
Pacific Super,International Grocery Stores, ,,3J Family Market,Stores that Accept SNAP/WIC,198 Broad St,94112,550.4557649,91,335,,corner store,,,
Nijiya Market,International Grocery Stores,1737 Post Street,,Convenience Deli & Grocery,Stores that Accept SNAP/WIC,1201 Laguna St,94115,444.4143075,92,337,,corner store,,,
Sherman Market,Corner Stores, ,,The Silver Platter,Stores that Accept SNAP/WIC,2501 Van Ness Ave,94109,126.34318,93,66,,Liquor Store,,,
Sam & Son Market,Corner Stores,1321 A Powell Street,,Wendy And Moon Grocery,Stores that Accept SNAP/WIC,1321A Powell St,94133,18.98312955,94,103,x,corner store,,,
Reliable Rexall Drugs,Drug Stores,801 Irving Street,94122,Lincoln Way Shell 154,Stores that Accept SNAP/WIC,601 Lincoln Way,94122,288.6983868,95,187,,corner store,,,
Shell Food Mart,Corner Stores,319 Bayshore Boulevard,94124,JR Seafood LLC,Stores that Accept SNAP/WIC,310 Bay Shore Blvd,94124,39.53719754,96,5,,supermarket,,,
Sunny Country Foods,Corner Stores,1101 Stanyan Street,94117,UCSF Parnassus,Stores that Accept SNAP/WIC,505 Parnassus Ave,94143,446.0765053,97,96,,Farmers Market,,,
Food Mart,Corner Stores,1015 Ocean Avenue,,Wiley's Liqour,Stores that Accept SNAP/WIC,1015 Ocean Ave,94112,12.89902649,98,111,,Liquor Store,,,
Lee's Market,International Grocery Stores,1401 Stockton Street,,"Northern Herbs, Inc.",Stores that Accept SNAP/WIC,1418 Stockton St,94133,27.72375205,99,325,,International Grocery Stores,,,
Heart of the City Farmers Market (Civic Center),Farmers Markets,1 United Nations Plaza,94102,McAllister Liquor and Grocery,Stores that Accept SNAP/WIC,136 McAllister St,94102,60.24294992,100,217,,corner store,,,
El Chico Market #4,International Grocery Stores,2965 24th St,94110,Belmar Meat Market,Stores that Accept SNAP/WIC,2989 24th St,94110,33.32298811,101,206,,supermarket,,,
Stardust Market,Corner Stores,3801 Geary Boulevard,94118,Abraham Farmers Market,Stores that Accept SNAP/WIC,3931 Geary Blvd,94118,132.5152355,102,168,,supermarket,,,
Battambang,International Grocery Stores,339 Eddy St,94102,El Dorado Market,Stores that Accept SNAP/WIC,124 Jones St,94102,163.4727902,103,209,,corner store,,,
Mainland Market Co.,Corner Stores,5601 Geary Boulevard,,Royal Market And Bakery,Stores that Accept SNAP/WIC,5335 Geary Blvd,94121,248.9615049,104,155,,supermarket,,,
ampm,Corner Stores, ,,Quality Gas For Your Cash Arco AM PM 82613,Stores that Accept SNAP/WIC,5898 Mission St,94112,45.87275095,105,56,x,corner store,,,
Battambang,International Grocery Stores,339 Eddy St,94102,Radman's Produce Market,Stores that Accept SNAP/WIC,201 Turk St Ste D,94102,128.2574409,106,209,,corner store,,,
Foodsco,Supermarkets,345 Williams Avenue,94124,FOODS CO 351,Stores that Accept SNAP/WIC,345 Williams Ave,94124,49.46695493,107,311,x,supermarket,,,
Super Save,Supermarkets, ,,SUPER SAVE MARKET,Stores that Accept SNAP/WIC,4517 3rd St,94124,22.37521255,108,328,x,supermarket,,,
U-Save Liquor & Grocery,Corner Stores,399 Crescent Avenue,94110,Richland Market,Stores that Accept SNAP/WIC,648 Andover St,94110,75.30421962,109,146,,corner store,,,
New College Hill Market,Corner Stores, ,,49ERS LIQUORS & GROCERIES,Stores that Accept SNAP/WIC,3701 Mission St,94110,148.1670024,110,55,,corner store,,,
Cao Kee Market,International Grocery Stores, ,,King Poultry And Produce,Stores that Accept SNAP/WIC,758 Broadway,94133,48.4796626,111,126,,International Grocery Stores,,,
Corner Store,Corner Stores, ,,Holloway Market Llc,Stores that Accept SNAP/WIC,150 Holloway Ave,94112,10.83972645,112,117,,corner store,,,
Kim Huong,International Grocery Stores, ,,Tenderloin Market And Deli,Stores that Accept SNAP/WIC,200 Leavenworth St,94102,127.9585833,113,135,,corner store,,,
Frank's Market Liquor,Corner Stores, ,,San Francisco Farmers Market,Stores that Accept SNAP/WIC,4929 Mission St,94112,280.8906819,114,53,,supermarket,,,
Serw-Well,Liquor Stores, ,,Serve Well Market Inc,Stores that Accept SNAP/WIC,595 Ellis St,94109,6.223743053,115,286,,corner store,x,,
El Chico Market #4,International Grocery Stores,2965 24th St,94110,Maurice's Corner,Stores that Accept SNAP/WIC,3046 24th St,94110,137.2526833,116,206,,corner store,,,
Tigers Liquors,Corner Stores,2400 Clement Street,,25th & Clement Produce Market 1,Stores that Accept SNAP/WIC,2354 Clement St,94121,55.25402332,117,153,,supermarket,,,
Charming Sun Market Inc,International Grocery Stores,49 Walter U Lum Place,,Miss Q's Convenience Llc,Stores that Accept SNAP/WIC,838 Washington St,94108,106.0556318,118,107,,corner store,,,
Oak Gourmet,Corner Stores, ,,Oak Hill Market,Stores that Accept SNAP/WIC,497 Oak St,94102,12.92032133,119,138,x,supermarket,,,
Island Market & Deli,Corner Stores, ,,Island Market & Deli N/A,Stores that Accept SNAP/WIC,1 Avenue Of The Palms Ave,94130,74.41960195,120,169,x,corner store,,,
Aguila de Oro,International Grocery Stores, ,,Saba Live Poultry 2,Stores that Accept SNAP/WIC,1526 Wallace Ave,94124,487.4610073,121,366,,--,x,,
D&M Wine and Liquor,Liquor Stores, ,,California Shell 156,Stores that Accept SNAP/WIC,2501 California St,94115,215.4082747,122,300,,corner store,,,
Mission Silver Market,Corner Stores, ,,Rank Quickserve,Stores that Accept SNAP/WIC,4199 Mission St,94112,247.3206385,123,54,,corner store,,,
Safeway,Supermarkets,2300 16th Street,94102,Costco 144,Stores that Accept SNAP/WIC,450 10th St,94103,462.054245,124,321,,supermarket,,,
Eddy's Market,Corner Stores,951 Irving Street,94122,Andronicos Community Markets 2452,Stores that Accept SNAP/WIC,1200 Irving St,94122,249.3135337,125,91,,supermarket,,,
Pacific Super,International Grocery Stores, ,,Anas Market,Stores that Accept SNAP/WIC,105 Broad St,94112,342.9389262,126,335,,corner store,,,
Victoria Liquor & Groceries,Liquor Stores,201;207 Gough Street,,GROVE STREET MARKET,Stores that Accept SNAP/WIC,500 Grove St,94102,329.4488111,127,224,,corner store,,,
Daldas Market,Supermarkets, ,,Tip Top Market,Stores that Accept SNAP/WIC,90 Turk St,94102,119.3047668,128,358,,corner store,,,
F & G Grocery,Corner Stores, ,,BI-RITE,Stores that Accept SNAP/WIC,3639 18th St,94110,353.5241344,129,80,,supermarket,,,
Lucky,Supermarkets,1515 Sloat Boulevard,94132,Lucky 755,Stores that Accept SNAP/WIC,1515 Sloat Blvd,94132,131.0899775,130,309,,supermarket,,,
Roxie Food Center,Corner Stores,1901 San Jose Avenue,94112,Roxie Food Center Sf,Stores that Accept SNAP/WIC,1901 San Jose Ave,94112,17.67486482,131,141,x,corner store,,,
Aguila de Oro,International Grocery Stores, ,,FRIENDLY LIQUOR,Stores that Accept SNAP/WIC,1499 Thomas Ave,94124,284.2581563,132,366,,Liquor Store,x,,
Fox Market,Corner Stores, ,,GLADSTONE MARKET,Stores that Accept SNAP/WIC,678 Eddy St,94109,129.1217347,133,128,,corner store,,,
Fulton Food Shop,Corner Stores, ,,Central Park Liquors,Stores that Accept SNAP/WIC,1900 Hayes St,94117,236.8383645,134,49,,Liquor Store,,,
Bayview Liquors,Liquor Stores, ,,BAY VIEW LIQUOR,Stores that Accept SNAP/WIC,4700 3rd St,94124,11.28991469,135,274,x,Liquor Store,,,
Foodhall,Corner Stores,3100 16th Street,94103,Randa's Market,Stores that Accept SNAP/WIC,3131 16th St,94103,50.11191736,136,20,,corner store,,,
Jai Ho Indian Grocery Store,International Grocery Stores,1462 Fillmore Street,94115,CHARLIES DRUGS,Stores that Accept SNAP/WIC,1101 Fillmore St,94115,364.6993466,137,47,,corner store,,,
Pho Tot,International Grocery Stores, ,,"GUZMAN'S PRODUCE MARKET, INC.",Stores that Accept SNAP/WIC,5229 Mission St,94112,196.9988601,138,329,,supermarket,,,
Arguello Market,Supermarkets,782 Arguello Boulevard,94118,ARGUELLO SUPER MARKET,Stores that Accept SNAP/WIC,782 Arguello Blvd,94118,26.57414521,139,314,x,supermarket,,,
Bus Stop Liquors,Liquor Stores, ,,Bus Stop Liquors and Deli,Stores that Accept SNAP/WIC,2698 San Bruno Ave,94134,10.48624855,140,306,x,corner store,,,
The Market,Supermarkets, ,,DIANA MKT 2,Stores that Accept SNAP/WIC,282 9th St,94103,524.0086353,141,350,,Liquor Store,,,
Local Mission Market,Supermarkets, ,,New Hampshire Market,Stores that Accept SNAP/WIC,2701 20th St,94110,618.7923113,142,348,,corner store,,,
AA Market,Liquor Stores,667 Broderick Street,94117,Divisidero Farmers' Market,Stores that Accept SNAP/WIC,1326 Grove St,94117,148.5558992,143,262,,Farmers Market,,,
Snack & Bottle Shop,Liquor Stores,644 Persia Avenue,94112,M & M Short Stop,Stores that Accept SNAP/WIC,2145A Geneva Ave,94134,1596.571672,144,294,,Liquor Store,,,
Sonoma Market,Liquor Stores, ,,Sonoma Liquors Co,Stores that Accept SNAP/WIC,65 6th St,94103,13.15652177,145,282,x,Liquor Store,,,
Dave's Food Store,Liquor Stores,1601 20th Street,94107,THE GOOD LIFE GROCERY,Stores that Accept SNAP/WIC,1524 20th St,94107,53.78503012,146,279,,supermarket,,,
Oak Gourmet,Corner Stores, ,,HAYES MARKET,Stores that Accept SNAP/WIC,698 Hayes St,94102,230.436327,147,138,,corner store,,,
N & V Liquor & Grocery,Corner Stores,2702 24th Street,94110,KANSAS FOOD MARKET,Stores that Accept SNAP/WIC,2250 23rd St,94107,434.8765303,148,140,,corner store,,,
Himalaya Plaza,International Grocery Stores, Haight Street,,O'LOONEY'S MARKET,Stores that Accept SNAP/WIC,588 Haight St,94117,9.099488635,149,33,,corner store,,,
Woerners,Liquor Stores, ,,Bread & Butter Market,Stores that Accept SNAP/WIC,888 O'Farrell St,94109,121.1648604,150,287,,corner store,,,
Casa Maria,International Grocery Stores, ,,Ed & Danny's Mkt,Stores that Accept SNAP/WIC,999 S Van Ness Ave,94110,372.9046979,151,349,,corner store,,,
Chevron Extra Mile,Corner Stores,2399 Market Street,94114,17TH AND NOE MARKET,Stores that Accept SNAP/WIC,3900 17th St,94114,132.53677,152,72,,corner store,,,
Village Market,Corner Stores, ,,FERRY PLAZA FARMERS MARKET-CUESA,Stores that Accept SNAP/WIC,1 Ferry Building,94111,58.56918151,153,14,,Farmers Market,,,
City Produce,Supermarkets, ,,FREDS LIQUOR & GROCERY,Stores that Accept SNAP/WIC,151 6th St,94103,61.17280772,154,379,,corner store,,,
Grocery Outlet,Supermarkets,1245 South Van Ness Avenue,94110,The Mission Grocery Outlet 306,Stores that Accept SNAP/WIC,1245 S Van Ness Ave,94110,37.18333272,155,322,x,supermarket,,,
The Epicurean Trader,Liquor Stores,1909 Union Street,94123,Chevron 1712,Stores that Accept SNAP/WIC,1790 Lombard St,94123,327.9664787,156,307,,corner store,,,
Mike's Discount Liquors,Liquor Stores, ,,Cordova Market,Stores that Accept SNAP/WIC,301 Rolph St,94112,564.63373,157,243,,corner store,,,
N & V Liquor & Grocery,Corner Stores,2702 24th Street,94110,Tonys Market And Liquor,Stores that Accept SNAP/WIC,2751 24th St,94110,71.96969025,158,140,,corner store,,,
Mike's Discount Liquors,Liquor Stores, ,,Geneva Snack Store,Stores that Accept SNAP/WIC,901 Geneva Ave,94112,89.23424358,159,243,,corner store,,,
Food Mart,Corner Stores, ,,Portola Grocery Outlet,Stores that Accept SNAP/WIC,1390 Silver Ave,94134,270.1472021,160,35,,supermarket,,,
Reno's,Liquor Stores,728 22nd Street,94107,Potrero Shell 159,Stores that Accept SNAP/WIC,2890 3rd St,94107,549.8886803,161,249,,corner store,,,
Island Market & Deli,Corner Stores, ,,Island Cove Market Inc,Stores that Accept SNAP/WIC,800 Avenue H,94130,1048.530179,162,169,x,corner store,,,
Chuck's Sun Valley Grocery,Corner Stores,1601 Church Street,,Church Produce,Stores that Accept SNAP/WIC,1798 Church St,94131,333.5969806,163,81,,corner store,,,
Pacific Super,International Grocery Stores, ,,Chevron 1727,Stores that Accept SNAP/WIC,2998 San Jose Ave,94112,243.6745527,164,335,,corner store,,,
ampm,Corner Stores, ,,Woody's Liquor And Grocery,Stores that Accept SNAP/WIC,5799 Mission St,94112,227.3224849,165,56,,corner store,,,
Little Paradise,International Grocery Stores, ,,SK&L Trading LLC,Stores that Accept SNAP/WIC,1101 Stockton St,94133,12.64468358,166,106,x,International Grocery Stores,,x,
Rhea's Market & Deli,Corner Stores,800 Valencia Street,,Mikes Liquors & Grocerie,Stores that Accept SNAP/WIC,2499 Mission St,94110,396.3278279,167,139,,corner store,,,
City Produce,Supermarkets, ,,City Produce Market,Stores that Accept SNAP/WIC,174 6th St,94103,23.68178037,168,379,x,supermarket,,,
N & V Liquor & Grocery,Corner Stores,2702 24th Street,94110,Fresh Start 1,Stores that Accept SNAP/WIC,2631 23rd St,94110,144.4631854,169,140,,supermarket,,,
Fox Market,Corner Stores, ,,Rainbow Market & Deli,Stores that Accept SNAP/WIC,684 Larkin St,94109,98.27515103,170,128,,corner store,,,
Jonells,Liquor Stores, ,,Ez Dollars,Stores that Accept SNAP/WIC,335 Jones St,94102,35.63985515,171,288,,supermarket,x,,
Healthy Spirits,Liquor Stores,249 Cortland Avenue,94110,Avedano's Meats,Stores that Accept SNAP/WIC,235 Cortland Ave,94110,26.52629218,172,237,,supermarket,,,
Tierra Santa Market,Corner Stores, ,,L & J Groceries,Stores that Accept SNAP/WIC,21 Leland Ave,94134,1550.306606,173,34,,supermarket,,,
Al Rayan Mountain,Liquor Stores,1400 Sutter Street,,Gkp Market,Stores that Accept SNAP/WIC,995 Ellis St,94109,468.7163737,174,247,,corner store,,,
Fulton Food Shop,Corner Stores, ,,Golden Gate Central Market,Stores that Accept SNAP/WIC,2101 Golden Gate Ave,94118,257.4349835,175,49,,corner store,,,
Star Market,Corner Stores, ,,H & L Supermarket 1,Stores that Accept SNAP/WIC,669 Geary St,94102,41.32700982,176,16,,International Grocery Stores,,,
Eddy's Market,Corner Stores,951 Irving Street,94122,ANDRONICO'S COMMUNITY MKT 2,Stores that Accept SNAP/WIC,1200 IRVING ST,94133,255.5853441,177,91,,supermarket,,,
Foodsco,Supermarkets,345 Williams Avenue,94124,FOODS CO #351,Stores that Accept SNAP/WIC,345 WILLIAMS AVE,94124,4.050195638,178,311,x,supermarket,,,
N & V Liquor & Grocery,Corner Stores,2702 24th Street,94110,FRESH START #1,Stores that Accept SNAP/WIC,2631 23RD ST,94110,137.8623962,179,140,,supermarket,,,x
Food Mart,Corner Stores, ,,FRESH START #2,Stores that Accept SNAP/WIC,2400 SAN BRUNO AVE,94134,21.0308029,180,35,x,supermarket,,,x
Pho Tot,International Grocery Stores, ,,GUZMAN'S PRODUCE MARKET,Stores that Accept SNAP/WIC,5229 MISSION ST,94112,198.4189871,181,329,,supermarket,,,x
Lucky,Supermarkets,1515 Sloat Boulevard,94132,LUCKY #755,Stores that Accept SNAP/WIC,1515 SLOAT BLVD,94132,135.8331152,182,309,x,supermarket,,,
N & V Liquor & Grocery,Corner Stores,2702 24th Street,94110,LUNA'S COFFEE HOUSE,Stores that Accept SNAP/WIC,1101 POTRERO AVE,94110,132.874793,183,140,,--,,,
Snack & Bottle Shop,Liquor Stores,644 Persia Avenue,94112,M & M SHORT STOP,Stores that Accept SNAP/WIC,2145A GENEVA AVE,94134,1597.861987,184,294,,Liquor Store,,,x
Frank's Market Liquor,Corner Stores, ,,SAN FRANCISCO FARMERS MKT.,Stores that Accept SNAP/WIC,4929 MISSION ST,94112,281.738219,185,53,,supermarket,,,x
Smart & Final,Supermarkets, ,,SMART & FINAL #351,Stores that Accept SNAP/WIC,350 SEVENTH AVE,94118,49.95995114,186,312,x,supermarket,,,
Smart & Final,Supermarkets,355 Bayshore Boulevard,94124,SMART & FINAL #438,Stores that Accept SNAP/WIC,355 BAYSHORE BLVD,94124,16.09040052,187,340,x,supermarket,,,
Super Save,Supermarkets, ,,SUPER SAVE SUPERMARKET,Stores that Accept SNAP/WIC,4517 3RD ST,94124,3.590240424,188,328,x,supermarket,,,